"0","nopreviousbarplot<-bad_drivers %>% "
"0","  select(state, num_drivers, noprevious_drivers) %>% "
"0","  gather(type, value, num_drivers:noprevious_drivers) %>% "
"0","  ggplot(., aes(x = state,y = value, fill = type)) + labs(fill=""Type"") +"
"0","  geom_bar(position = ""stack"", stat=""identity"") + "
"0","  scale_fill_manual(values = c(""green"", ""darkgreen"")) + xlab(""States"") +"
"0","  ylab("""") + theme_minimal() + theme_classic() + "
"0","  theme(axis.text.x=element_text(angle=90, vjust=0.5)) "
"0",""
"0",""
"0","nopreviousbarplot"
