{"chunk_definitions":[{"row":19,"row_count":1,"visible":true,"expansion_state":0,"options":{"engine":"r","label":"unnamed-chunk-77"},"document_id":"E2E51FB6","chunk_id":"cnjps3m3bmroy","chunk_label":"unnamed-chunk-1"},{"row":28,"row_count":1,"visible":true,"expansion_state":0,"options":{"engine":"r","label":"unnamed-chunk-80"},"document_id":"E2E51FB6","chunk_id":"cu8505wqx4m8i","chunk_label":"unnamed-chunk-2"},{"row":56,"row_count":1,"visible":true,"expansion_state":0,"options":{"engine":"r","label":"unnamed-chunk-81"},"document_id":"E2E51FB6","chunk_id":"cccjxa4urj0b8","chunk_label":"unnamed-chunk-3"},{"row":76,"row_count":1,"visible":true,"expansion_state":0,"options":{"engine":"r","label":"unnamed-chunk-83"},"document_id":"E2E51FB6","chunk_id":"c9v6e3gouwbks","chunk_label":"unnamed-chunk-4"},{"row":86,"row_count":1,"visible":true,"expansion_state":0,"options":{"engine":"r","label":"unnamed-chunk-85"},"document_id":"E2E51FB6","chunk_id":"cisy3hnifwlaf","chunk_label":"unnamed-chunk-5"},{"row":94,"row_count":1,"visible":true,"expansion_state":0,"options":{"engine":"r","label":"unnamed-chunk-61"},"document_id":"E2E51FB6","chunk_id":"cwjwtoagm0eqm","chunk_label":"unnamed-chunk-6"},{"row":116,"row_count":1,"visible":true,"expansion_state":0,"options":{"engine":"r","label":"unnamed-chunk-62"},"document_id":"E2E51FB6","chunk_id":"c48jko9yi45pr","chunk_label":"unnamed-chunk-7"},{"row":136,"row_count":1,"visible":true,"expansion_state":0,"options":{"engine":"r","label":"unnamed-chunk-63"},"document_id":"E2E51FB6","chunk_id":"c1a6lr3arstor","chunk_label":"unnamed-chunk-8"},{"row":147,"row_count":1,"visible":true,"expansion_state":0,"options":{"engine":"r","label":"unnamed-chunk-73"},"document_id":"E2E51FB6","chunk_id":"cuwvdpjtkfew0","chunk_label":"unnamed-chunk-9"},{"row":159,"row_count":1,"visible":true,"expansion_state":0,"options":{"engine":"r","label":"unnamed-chunk-76"},"document_id":"E2E51FB6","chunk_id":"c60px5w6v56xo","chunk_label":"unnamed-chunk-10"}],"doc_write_time":1607061112,"chunk_rendered_width":700}