"0","# Barplot"
"0",""
"0","ggplot(Open_Date_Availability, mapping = aes(x = Open_Year_Availability, y = Total)) + "
"0","  geom_bar(stat = 'identity', width = 0.6, aes(fill = c(""red"", ""green""))) + "
"0","  geom_text(aes(label = paste(signif(Prop*100, 4), ""%"", sep = """")), nudge_y = 800) +"
"0","  labs(title = ""Opened Stations Date"", subtitle = ""Data Availability"", x = """", y = """") +"
"0","  theme(legend.position = ""none"", axis.text.y = element_blank(), panel.background = element_blank())"
"0",""
