"0",""
"0",""
"0","## New York"
"0",""
"0","### Data"
"0",""
"0","ev_charging_stations_newyork <- ev_charging_stations %>%"
"0","  filter(State == ""NY"")"
"0",""
"0","### Map"
"0",""
"0","new_york_map <- states_provinces[states_provinces$name == 'New York',]"
"0","ggplot() + "
"0","  geom_sf(data = new_york_map) +"
"0","  geom_point(data = ev_charging_stations_newyork, "
"0","             aes(x = Longitude, y = Latitude), shape = 23, fill = ""red"") +"
"0","  geom_label(data = ev_charging_stations_per_state, aes(x = -78, y = 41, label = paste(""No. of Stations:"", ev_charging_stations_per_state[35,2], sep = "" "")))  +"
"0","  theme(panel.background = element_rect(fill = ""aliceblue""), panel.grid.major = element_blank(), panel.grid.minor = element_blank(), axis.text.x = element_blank(), axis.text.y = element_blank()) +"
"0","  labs(title = ""EV Charging Stations"", subtitle = ""New York"", x = """", y = """")"
