"0","# Plotting the map"
"0",""
"0","## California"
"0",""
"0","### Data"
"0",""
"0","ev_charging_stations_california <- ev_charging_stations %>%"
"0","  filter(State == ""CA"" & Longitude < -110)"
"0",""
"0","### Map"
"0",""
"0","california_map <- states_provinces[states_provinces$name == 'California',]"
"0","ggplot() + "
"0","  geom_sf(data = california_map) +"
"0","  geom_point(data = ev_charging_stations_california, "
"0","             aes(x = Longitude, y = Latitude), shape = 23, fill = ""red"") +"
"0","  geom_label(data = ev_charging_stations_per_state, aes(x = -121, y = 32.5, label = paste(""No. of Stations:"", ev_charging_stations_per_state[5,2], sep = "" "")))  +"
"0","  theme(panel.background = element_rect(fill = ""aliceblue""), panel.grid.major = element_blank(), panel.grid.minor = element_blank(), axis.text.x = element_blank(), axis.text.y = element_blank()) +"
"0","  labs(title = ""EV Charging Stations"", subtitle = ""California"", x = """", y = """")"
