"0",""
"0",""
"0","## Florida"
"0",""
"0","### Data"
"0",""
"0","ev_charging_stations_florida <- ev_charging_stations %>%"
"0","  filter(State == ""FL"" & Latitude < ""32"")"
"0",""
"0","### Map"
"0",""
"0","florida_map <- states_provinces[states_provinces$name == 'Florida',]"
"0","ggplot() + "
"0","  geom_sf(data = florida_map) +"
"0","  geom_point(data = ev_charging_stations_florida, "
"0","             aes(x = Longitude, y = Latitude), shape = 23, fill = ""red"") +"
"0","  geom_label(data = ev_charging_stations_per_state, aes(x = -85, y = 27, label = paste(""No. of Stations:"", ev_charging_stations_per_state[10,2], sep = "" "")))  +"
"0","  theme(panel.background = element_rect(fill = ""aliceblue""), panel.grid.major = element_blank(), "
"0","        panel.grid.minor = element_blank(), axis.text.x = element_blank(), axis.text.y = element_blank()) +"
"0","  labs(title = ""EV Charging Stations"", subtitle = ""Florida"", x = """", y = """")"
