{"chunk_definitions":[{"chunk_id":"cg4fa8lvgh6mx","expansion_state":0,"options":[],"row":28,"row_count":1,"visible":true},{"chunk_id":"c68vsvcisras0","expansion_state":0,"options":[],"row":50,"row_count":1,"visible":true},{"chunk_id":"cezu5xm61ukvt","expansion_state":0,"options":[],"row":61,"row_count":1,"visible":true},{"chunk_id":"czc4366ksjhua","expansion_state":0,"options":[],"row":74,"row_count":1,"visible":true},{"chunk_id":"cr2u4dimqldi5","expansion_state":0,"options":[],"row":85,"row_count":1,"visible":true},{"chunk_id":"cagofcvrezmb2","expansion_state":0,"options":[],"row":98,"row_count":1,"visible":true},{"chunk_id":"cl0l8ahcjmeru","expansion_state":0,"options":[],"row":119,"row_count":1,"visible":true},{"chunk_id":"cjmja0n4kfsed","expansion_state":0,"options":[],"row":136,"row_count":1,"visible":true},{"chunk_id":"cs2qvih6cqesk","expansion_state":0,"options":[],"row":148,"row_count":1,"visible":true},{"chunk_id":"cqgtdn5xt3na3","expansion_state":0,"options":[],"row":165,"row_count":1,"visible":true},{"chunk_id":"cty5kkuqrj4ly","expansion_state":0,"options":[],"row":230,"row_count":1,"visible":true}],"doc_write_time":1607169670.57432}
