week_ended,reflecting_week_end,fips_code,state_name,initial_claims,continued_claims,covered_employment,insured_unemployment_rate,Timestamp,Date,ID Geography,Geography
"2020-11-28","2020-11-21","04000US08","Colorado",17489,80548,0,0,1606539600000,"November 28th, 2020","04000US08","Colorado"
"2020-11-28","2020-11-21","04000US12","Florida",20787,125910,0,0,1606539600000,"November 28th, 2020","04000US12","Florida"
"2020-11-28","2020-11-21","04000US13","Georgia",18553,200146,0,0,1606539600000,"November 28th, 2020","04000US13","Georgia"
"2020-11-28","2020-11-21","04000US20","Kansas",22995,57776,0,0,1606539600000,"November 28th, 2020","04000US20","Kansas"
"2020-11-28","2020-11-21","04000US26","Michigan",21493,153685,0,0,1606539600000,"November 28th, 2020","04000US26","Michigan"
"2020-11-21","2020-11-14","04000US08","Colorado",15266,86082,0,0,1605934800000,"November 21st, 2020","04000US08","Colorado"
"2020-11-21","2020-11-14","04000US12","Florida",26931,186291,0,0,1605934800000,"November 21st, 2020","04000US12","Florida"
"2020-11-21","2020-11-14","04000US13","Georgia",29088,253347,0,0,1605934800000,"November 21st, 2020","04000US13","Georgia"
"2020-11-21","2020-11-14","04000US20","Kansas",23679,50794,0,0,1605934800000,"November 21st, 2020","04000US20","Kansas"
"2020-11-21","2020-11-14","04000US26","Michigan",33941,180568,0,0,1605934800000,"November 21st, 2020","04000US26","Michigan"
"2020-11-14","2020-11-07","04000US08","Colorado",9205,86785,2692685,3.22,1605330000000,"November 14th, 2020","04000US08","Colorado"
"2020-11-14","2020-11-07","04000US12","Florida",24358,186514,8769716,2.13,1605330000000,"November 14th, 2020","04000US12","Florida"
"2020-11-14","2020-11-07","04000US13","Georgia",19626,255237,4419929,5.77,1605330000000,"November 14th, 2020","04000US13","Georgia"
"2020-11-14","2020-11-07","04000US20","Kansas",17868,48036,1369508,3.51,1605330000000,"November 14th, 2020","04000US20","Kansas"
"2020-11-14","2020-11-07","04000US26","Michigan",16656,174303,4304929,4.05,1605330000000,"November 14th, 2020","04000US26","Michigan"
"2020-11-07","2020-10-31","04000US08","Colorado",7516,92367,2692685,3.43,1604725200000,"November 7th, 2020","04000US08","Colorado"
"2020-11-07","2020-10-31","04000US12","Florida",31403,205800,8769716,2.35,1604725200000,"November 7th, 2020","04000US12","Florida"
"2020-11-07","2020-10-31","04000US13","Georgia",23827,285798,4419929,6.47,1604725200000,"November 7th, 2020","04000US13","Georgia"
"2020-11-07","2020-10-31","04000US20","Kansas",15471,49150,1369508,3.59,1604725200000,"November 7th, 2020","04000US20","Kansas"
"2020-11-07","2020-10-31","04000US26","Michigan",15320,187648,4304929,4.36,1604725200000,"November 7th, 2020","04000US26","Michigan"
"2020-10-31","2020-10-24","04000US08","Colorado",7138,96782,2692685,3.59,1604116800000,"October 31st, 2020","04000US08","Colorado"
"2020-10-31","2020-10-24","04000US12","Florida",31625,213454,8769716,2.43,1604116800000,"October 31st, 2020","04000US12","Florida"
"2020-10-31","2020-10-24","04000US13","Georgia",37253,302039,4419929,6.83,1604116800000,"October 31st, 2020","04000US13","Georgia"
"2020-10-31","2020-10-24","04000US20","Kansas",18683,45664,1369508,3.33,1604116800000,"October 31st, 2020","04000US20","Kansas"
"2020-10-31","2020-10-24","04000US26","Michigan",15015,213406,4304929,4.96,1604116800000,"October 31st, 2020","04000US26","Michigan"
"2020-10-24","2020-10-17","04000US08","Colorado",6071,105759,2692685,3.93,1603512000000,"October 24th, 2020","04000US08","Colorado"
"2020-10-24","2020-10-17","04000US12","Florida",33542,282261,8769716,3.22,1603512000000,"October 24th, 2020","04000US12","Florida"
"2020-10-24","2020-10-17","04000US13","Georgia",43695,336738,4419929,7.62,1603512000000,"October 24th, 2020","04000US13","Georgia"
"2020-10-24","2020-10-17","04000US20","Kansas",15972,43902,1369508,3.21,1603512000000,"October 24th, 2020","04000US20","Kansas"
"2020-10-24","2020-10-17","04000US26","Michigan",18082,235256,4304929,5.46,1603512000000,"October 24th, 2020","04000US26","Michigan"
"2020-10-17","2020-10-10","04000US08","Colorado",5759,111822,2692685,4.15,1602907200000,"October 17th, 2020","04000US08","Colorado"
"2020-10-17","2020-10-10","04000US12","Florida",40070,287537,8769716,3.28,1602907200000,"October 17th, 2020","04000US12","Florida"
"2020-10-17","2020-10-10","04000US13","Georgia",44892,367949,4419929,8.32,1602907200000,"October 17th, 2020","04000US13","Georgia"
"2020-10-17","2020-10-10","04000US20","Kansas",17547,44327,1369508,3.24,1602907200000,"October 17th, 2020","04000US20","Kansas"
"2020-10-17","2020-10-10","04000US26","Michigan",12640,249753,4304929,5.8,1602907200000,"October 17th, 2020","04000US26","Michigan"
"2020-10-10","2020-10-03","04000US08","Colorado",6406,124333,2692685,4.62,1602302400000,"October 10th, 2020","04000US08","Colorado"
"2020-10-10","2020-10-03","04000US12","Florida",47904,300115,8769716,3.42,1602302400000,"October 10th, 2020","04000US12","Florida"
"2020-10-10","2020-10-03","04000US13","Georgia",54166,409602,4419929,9.27,1602302400000,"October 10th, 2020","04000US13","Georgia"
"2020-10-10","2020-10-03","04000US20","Kansas",14537,44579,1369508,3.26,1602302400000,"October 10th, 2020","04000US20","Kansas"
"2020-10-10","2020-10-03","04000US26","Michigan",15084,301296,4304929,7,1602302400000,"October 10th, 2020","04000US26","Michigan"
"2020-10-03","2020-09-26","04000US08","Colorado",5919,127012,2681376,4.74,1601697600000,"October 3rd, 2020","04000US08","Colorado"
"2020-10-03","2020-09-26","04000US12","Florida",42306,337344,8769716,3.85,1601697600000,"October 3rd, 2020","04000US12","Florida"
"2020-10-03","2020-09-26","04000US13","Georgia",44874,445039,4406223,10.1,1601697600000,"October 3rd, 2020","04000US13","Georgia"
"2020-10-03","2020-09-26","04000US20","Kansas",14219,47744,1367656,3.49,1601697600000,"October 3rd, 2020","04000US20","Kansas"
"2020-10-03","2020-09-26","04000US26","Michigan",17699,387844,4305848,9.01,1601697600000,"October 3rd, 2020","04000US26","Michigan"
"2020-09-26","2020-09-19","04000US08","Colorado",4862,143856,2681376,5.37,1601092800000,"September 26th, 2020","04000US08","Colorado"
"2020-09-26","2020-09-19","04000US12","Florida",32373,373194,8732627,4.27,1601092800000,"September 26th, 2020","04000US12","Florida"
"2020-09-26","2020-09-19","04000US13","Georgia",43526,478732,4406223,10.86,1601092800000,"September 26th, 2020","04000US13","Georgia"
"2020-09-26","2020-09-19","04000US20","Kansas",17531,52779,1367656,3.86,1601092800000,"September 26th, 2020","04000US20","Kansas"
"2020-09-26","2020-09-19","04000US26","Michigan",19760,440645,4305848,10.23,1601092800000,"September 26th, 2020","04000US26","Michigan"
"2020-09-19","2020-09-12","04000US08","Colorado",5115,151250,2681376,5.64,1600488000000,"September 19th, 2020","04000US08","Colorado"
"2020-09-19","2020-09-12","04000US12","Florida",39028,374181,8732627,4.28,1600488000000,"September 19th, 2020","04000US12","Florida"
"2020-09-19","2020-09-12","04000US13","Georgia",49421,536886,4406223,12.18,1600488000000,"September 19th, 2020","04000US13","Georgia"
"2020-09-19","2020-09-12","04000US20","Kansas",17474,52959,1367656,3.87,1600488000000,"September 19th, 2020","04000US20","Kansas"
"2020-09-19","2020-09-12","04000US26","Michigan",17402,441816,4305848,10.26,1600488000000,"September 19th, 2020","04000US26","Michigan"
"2020-09-12","2020-09-05","04000US08","Colorado",5171,157091,2681376,5.86,1599883200000,"September 12th, 2020","04000US08","Colorado"
"2020-09-12","2020-09-05","04000US12","Florida",37265,414174,8732627,4.74,1599883200000,"September 12th, 2020","04000US12","Florida"
"2020-09-12","2020-09-05","04000US13","Georgia",42085,498813,4406223,11.32,1599883200000,"September 12th, 2020","04000US13","Georgia"
"2020-09-12","2020-09-05","04000US20","Kansas",15022,55405,1367656,4.05,1599883200000,"September 12th, 2020","04000US20","Kansas"
"2020-09-12","2020-09-05","04000US26","Michigan",19571,393705,4305848,9.14,1599883200000,"September 12th, 2020","04000US26","Michigan"
"2020-09-05","2020-08-29","04000US08","Colorado",6031,162261,2681376,6.05,1599278400000,"September 5th, 2020","04000US08","Colorado"
"2020-09-05","2020-08-29","04000US12","Florida",40256,410406,8732627,4.7,1599278400000,"September 5th, 2020","04000US12","Florida"
"2020-09-05","2020-08-29","04000US13","Georgia",50320,523143,4406223,11.87,1599278400000,"September 5th, 2020","04000US13","Georgia"
"2020-09-05","2020-08-29","04000US20","Kansas",13094,56819,1367656,4.15,1599278400000,"September 5th, 2020","04000US20","Kansas"
"2020-09-05","2020-08-29","04000US26","Michigan",17844,439244,4305848,10.2,1599278400000,"September 5th, 2020","04000US26","Michigan"
"2020-08-29","2020-08-22","04000US08","Colorado",5863,177822,2681376,6.63,1598673600000,"August 29th, 2020","04000US08","Colorado"
"2020-08-29","2020-08-22","04000US12","Florida",45590,455587,8732627,5.22,1598673600000,"August 29th, 2020","04000US12","Florida"
"2020-08-29","2020-08-22","04000US13","Georgia",51283,535406,4406223,12.15,1598673600000,"August 29th, 2020","04000US13","Georgia"
"2020-08-29","2020-08-22","04000US20","Kansas",15009,59081,1367656,4.32,1598673600000,"August 29th, 2020","04000US20","Kansas"
"2020-08-29","2020-08-22","04000US26","Michigan",18838,401800,4305848,9.33,1598673600000,"August 29th, 2020","04000US26","Michigan"
"2020-08-22","2020-08-15","04000US08","Colorado",6483,180390,2681376,6.73,1598068800000,"August 22nd, 2020","04000US08","Colorado"
"2020-08-22","2020-08-15","04000US12","Florida",51647,458954,8732627,5.26,1598068800000,"August 22nd, 2020","04000US12","Florida"
"2020-08-22","2020-08-15","04000US13","Georgia",56768,553713,4406223,12.57,1598068800000,"August 22nd, 2020","04000US13","Georgia"
"2020-08-22","2020-08-15","04000US20","Kansas",15409,61802,1367656,4.52,1598068800000,"August 22nd, 2020","04000US20","Kansas"
"2020-08-22","2020-08-15","04000US26","Michigan",19997,462183,4305848,10.73,1598068800000,"August 22nd, 2020","04000US26","Michigan"
"2020-08-15","2020-08-08","04000US08","Colorado",6971,197296,2681376,7.36,1597464000000,"August 15th, 2020","04000US08","Colorado"
"2020-08-15","2020-08-08","04000US12","Florida",72774,512527,8732627,5.87,1597464000000,"August 15th, 2020","04000US12","Florida"
"2020-08-15","2020-08-08","04000US13","Georgia",58099,555479,4406223,12.61,1597464000000,"August 15th, 2020","04000US13","Georgia"
"2020-08-15","2020-08-08","04000US20","Kansas",14348,65426,1367656,4.78,1597464000000,"August 15th, 2020","04000US20","Kansas"
"2020-08-15","2020-08-08","04000US26","Michigan",20188,428028,4305848,9.94,1597464000000,"August 15th, 2020","04000US26","Michigan"
"2020-08-08","2020-08-01","04000US08","Colorado",6231,198702,2681376,7.41,1596859200000,"August 8th, 2020","04000US08","Colorado"
"2020-08-08","2020-08-01","04000US12","Florida",61584,567987,8732627,6.5,1596859200000,"August 8th, 2020","04000US12","Florida"
"2020-08-08","2020-08-01","04000US13","Georgia",62335,572455,4406223,12.99,1596859200000,"August 8th, 2020","04000US13","Georgia"
"2020-08-08","2020-08-01","04000US20","Kansas",11209,70475,1367656,5.15,1596859200000,"August 8th, 2020","04000US20","Kansas"
"2020-08-08","2020-08-01","04000US26","Michigan",18997,535218,4305848,12.43,1596859200000,"August 8th, 2020","04000US26","Michigan"
"2020-08-01","2020-07-25","04000US08","Colorado",7167,224130,2681376,8.36,1596254400000,"August 1st, 2020","04000US08","Colorado"
"2020-08-01","2020-07-25","04000US12","Florida",78286,631163,8732627,7.23,1596254400000,"August 1st, 2020","04000US12","Florida"
"2020-08-01","2020-07-25","04000US13","Georgia",73931,633988,4406223,14.39,1596254400000,"August 1st, 2020","04000US13","Georgia"
"2020-08-01","2020-07-25","04000US20","Kansas",8961,77520,1367656,5.67,1596254400000,"August 1st, 2020","04000US20","Kansas"
"2020-08-01","2020-07-25","04000US26","Michigan",19842,514836,4305848,11.96,1596254400000,"August 1st, 2020","04000US26","Michigan"
"2020-07-25","2020-07-18","04000US08","Colorado",8037,224204,2681376,8.36,1595649600000,"July 25th, 2020","04000US08","Colorado"
"2020-07-25","2020-07-18","04000US12","Florida",91462,691070,8732627,7.91,1595649600000,"July 25th, 2020","04000US12","Florida"
"2020-07-25","2020-07-18","04000US13","Georgia",84984,636912,4406223,14.45,1595649600000,"July 25th, 2020","04000US13","Georgia"
"2020-07-25","2020-07-18","04000US20","Kansas",10462,78979,1367656,5.77,1595649600000,"July 25th, 2020","04000US20","Kansas"
"2020-07-25","2020-07-18","04000US26","Michigan",23219,592707,4305848,13.77,1595649600000,"July 25th, 2020","04000US26","Michigan"
"2020-07-18","2020-07-11","04000US08","Colorado",8531,239098,2681376,8.92,1595044800000,"July 18th, 2020","04000US08","Colorado"
"2020-07-18","2020-07-11","04000US12","Florida",108976,748004,8732627,8.57,1595044800000,"July 18th, 2020","04000US12","Florida"
"2020-07-18","2020-07-11","04000US13","Georgia",122313,703153,4406223,15.96,1595044800000,"July 18th, 2020","04000US13","Georgia"
"2020-07-18","2020-07-11","04000US20","Kansas",9389,85734,1367656,6.27,1595044800000,"July 18th, 2020","04000US20","Kansas"
"2020-07-18","2020-07-11","04000US26","Michigan",24596,519655,4305848,12.07,1595044800000,"July 18th, 2020","04000US26","Michigan"
"2020-07-11","2020-07-04","04000US08","Colorado",10554,228224,2681376,8.51,1594440000000,"July 11th, 2020","04000US08","Colorado"
"2020-07-11","2020-07-04","04000US12","Florida",132831,914801,8732627,10.48,1594440000000,"July 11th, 2020","04000US12","Florida"
"2020-07-11","2020-07-04","04000US13","Georgia",138452,792717,4406223,17.99,1594440000000,"July 11th, 2020","04000US13","Georgia"
"2020-07-11","2020-07-04","04000US20","Kansas",13368,81561,1367656,5.96,1594440000000,"July 11th, 2020","04000US20","Kansas"
"2020-07-11","2020-07-04","04000US26","Michigan",27720,604846,4305848,14.05,1594440000000,"July 11th, 2020","04000US26","Michigan"
"2020-07-04","2020-06-27","04000US08","Colorado",7928,246108,2666358,9.23,1593835200000,"July 4th, 2020","04000US08","Colorado"
"2020-07-04","2020-06-27","04000US12","Florida",66941,581952,8590846,6.77,1593835200000,"July 4th, 2020","04000US12","Florida"
"2020-07-04","2020-06-27","04000US13","Georgia",105160,619947,4388404,14.13,1593835200000,"July 4th, 2020","04000US13","Georgia"
"2020-07-04","2020-06-27","04000US20","Kansas",11458,82694,1364944,6.06,1593835200000,"July 4th, 2020","04000US20","Kansas"
"2020-07-04","2020-06-27","04000US26","Michigan",34602,529147,4305711,12.29,1593835200000,"July 4th, 2020","04000US26","Michigan"
"2020-06-27","2020-06-20","04000US08","Colorado",8646,237236,2666358,8.9,1593230400000,"June 27th, 2020","04000US08","Colorado"
"2020-06-27","2020-06-20","04000US12","Florida",84370,741344,8590846,8.63,1593230400000,"June 27th, 2020","04000US12","Florida"
"2020-06-27","2020-06-20","04000US13","Georgia",117485,661233,4388404,15.07,1593230400000,"June 27th, 2020","04000US13","Georgia"
"2020-06-27","2020-06-20","04000US20","Kansas",9738,79455,1364944,5.82,1593230400000,"June 27th, 2020","04000US20","Kansas"
"2020-06-27","2020-06-20","04000US26","Michigan",38309,633953,4305711,14.72,1593230400000,"June 27th, 2020","04000US26","Michigan"
"2020-06-20","2020-06-13","04000US08","Colorado",10013,259341,2666358,9.73,1592625600000,"June 20th, 2020","04000US08","Colorado"
"2020-06-20","2020-06-13","04000US12","Florida",95683,995792,8590846,11.59,1592625600000,"June 20th, 2020","04000US12","Florida"
"2020-06-20","2020-06-13","04000US13","Georgia",125725,669735,4388404,15.26,1592625600000,"June 20th, 2020","04000US13","Georgia"
"2020-06-20","2020-06-13","04000US20","Kansas",9179,81173,1364944,5.95,1592625600000,"June 20th, 2020","04000US20","Kansas"
"2020-06-20","2020-06-13","04000US26","Michigan",19641,584424,4305711,13.57,1592625600000,"June 20th, 2020","04000US26","Michigan"
"2020-06-13","2020-06-06","04000US08","Colorado",10382,242785,2666358,9.11,1592020800000,"June 13th, 2020","04000US08","Colorado"
"2020-06-13","2020-06-06","04000US12","Florida",88148,920202,8590846,10.71,1592020800000,"June 13th, 2020","04000US12","Florida"
"2020-06-13","2020-06-06","04000US13","Georgia",131997,682501,4388404,15.55,1592020800000,"June 13th, 2020","04000US13","Georgia"
"2020-06-13","2020-06-06","04000US20","Kansas",8287,83881,1364944,6.15,1592020800000,"June 13th, 2020","04000US20","Kansas"
"2020-06-13","2020-06-06","04000US26","Michigan",21293,726922,4305711,16.88,1592020800000,"June 13th, 2020","04000US26","Michigan"
"2020-06-06","2020-05-30","04000US08","Colorado",13098,263810,2666358,9.89,1591416000000,"June 6th, 2020","04000US08","Colorado"
"2020-06-06","2020-05-30","04000US12","Florida",112161,966625,8590846,11.25,1591416000000,"June 6th, 2020","04000US12","Florida"
"2020-06-06","2020-05-30","04000US13","Georgia",135254,698154,4388404,15.91,1591416000000,"June 6th, 2020","04000US13","Georgia"
"2020-06-06","2020-05-30","04000US20","Kansas",8261,91070,1364944,6.67,1591416000000,"June 6th, 2020","04000US20","Kansas"
"2020-06-06","2020-05-30","04000US26","Michigan",27836,756276,4305711,17.56,1591416000000,"June 6th, 2020","04000US26","Michigan"
"2020-05-30","2020-05-23","04000US08","Colorado",12519,244600,2666358,9.17,1590811200000,"May 30th, 2020","04000US08","Colorado"
"2020-05-30","2020-05-23","04000US12","Florida",207707,630640,8590846,7.34,1590811200000,"May 30th, 2020","04000US12","Florida"
"2020-05-30","2020-05-23","04000US13","Georgia",149163,754833,4388404,17.2,1590811200000,"May 30th, 2020","04000US13","Georgia"
"2020-05-30","2020-05-23","04000US20","Kansas",10028,99948,1364944,7.32,1590811200000,"May 30th, 2020","04000US20","Kansas"
"2020-05-30","2020-05-23","04000US26","Michigan",39290,933181,4305711,21.67,1590811200000,"May 30th, 2020","04000US26","Michigan"
"2020-05-23","2020-05-16","04000US08","Colorado",15719,265499,2666358,9.96,1590206400000,"May 23rd, 2020","04000US08","Colorado"
"2020-05-23","2020-05-16","04000US12","Florida",175411,529384,8590846,6.16,1590206400000,"May 23rd, 2020","04000US12","Florida"
"2020-05-23","2020-05-16","04000US13","Georgia",165499,731762,4388404,16.67,1590206400000,"May 23rd, 2020","04000US13","Georgia"
"2020-05-23","2020-05-16","04000US20","Kansas",11232,104553,1364944,7.66,1590206400000,"May 23rd, 2020","04000US20","Kansas"
"2020-05-23","2020-05-16","04000US26","Michigan",64574,985294,4305711,22.88,1590206400000,"May 23rd, 2020","04000US26","Michigan"
"2020-05-16","2020-05-09","04000US08","Colorado",18054,246507,2666358,9.25,1589601600000,"May 16th, 2020","04000US08","Colorado"
"2020-05-16","2020-05-09","04000US12","Florida",225404,2151108,8590846,25.04,1589601600000,"May 16th, 2020","04000US12","Florida"
"2020-05-16","2020-05-09","04000US13","Georgia",177731,790178,4388404,18.01,1589601600000,"May 16th, 2020","04000US13","Georgia"
"2020-05-16","2020-05-09","04000US20","Kansas",11238,108565,1364944,7.95,1589601600000,"May 16th, 2020","04000US20","Kansas"
"2020-05-16","2020-05-09","04000US26","Michigan",56715,994188,4305711,23.09,1589601600000,"May 16th, 2020","04000US26","Michigan"
"2020-05-09","2020-05-02","04000US08","Colorado",22732,261951,2666358,9.82,1588996800000,"May 9th, 2020","04000US08","Colorado"
"2020-05-09","2020-05-02","04000US12","Florida",223082,1035207,8590846,12.05,1588996800000,"May 9th, 2020","04000US12","Florida"
"2020-05-09","2020-05-02","04000US13","Georgia",242772,812913,4388404,18.52,1588996800000,"May 9th, 2020","04000US13","Georgia"
"2020-05-09","2020-05-02","04000US20","Kansas",12234,117977,1364944,8.64,1588996800000,"May 9th, 2020","04000US20","Kansas"
"2020-05-09","2020-05-02","04000US26","Michigan",55166,973278,4305711,22.6,1588996800000,"May 9th, 2020","04000US26","Michigan"
"2020-05-02","2020-04-25","04000US08","Colorado",28360,228683,2666358,8.58,1588392000000,"May 2nd, 2020","04000US08","Colorado"
"2020-05-02","2020-04-25","04000US12","Florida",174860,444561,8590846,5.17,1588392000000,"May 2nd, 2020","04000US12","Florida"
"2020-05-02","2020-04-25","04000US13","Georgia",228352,885764,4388404,20.18,1588392000000,"May 2nd, 2020","04000US13","Georgia"
"2020-05-02","2020-04-25","04000US20","Kansas",15959,120701,1364944,8.84,1588392000000,"May 2nd, 2020","04000US20","Kansas"
"2020-05-02","2020-04-25","04000US26","Michigan",67399,996374,4305711,23.14,1588392000000,"May 2nd, 2020","04000US26","Michigan"
"2020-04-25","2020-04-18","04000US08","Colorado",38662,228713,2666358,8.58,1587787200000,"April 25th, 2020","04000US08","Colorado"
"2020-04-25","2020-04-18","04000US12","Florida",433103,540554,8590846,6.29,1587787200000,"April 25th, 2020","04000US12","Florida"
"2020-04-25","2020-04-18","04000US13","Georgia",266565,758856,4388404,17.29,1587787200000,"April 25th, 2020","04000US13","Georgia"
"2020-04-25","2020-04-18","04000US20","Kansas",24483,119022,1364944,8.72,1587787200000,"April 25th, 2020","04000US20","Kansas"
"2020-04-25","2020-04-18","04000US26","Michigan",82004,934599,4305711,21.71,1587787200000,"April 25th, 2020","04000US26","Michigan"
"2020-04-18","2020-04-11","04000US08","Colorado",67639,171434,2666358,6.43,1587182400000,"April 18th, 2020","04000US08","Colorado"
"2020-04-18","2020-04-11","04000US12","Florida",506670,177021,8590846,2.06,1587182400000,"April 18th, 2020","04000US12","Florida"
"2020-04-18","2020-04-11","04000US13","Georgia",247003,611889,4388404,13.94,1587182400000,"April 18th, 2020","04000US13","Georgia"
"2020-04-18","2020-04-11","04000US20","Kansas",30596,97478,1364944,7.14,1587182400000,"April 18th, 2020","04000US20","Kansas"
"2020-04-18","2020-04-11","04000US26","Michigan",136707,937520,4305711,21.77,1587182400000,"April 18th, 2020","04000US26","Michigan"
"2020-04-11","2020-04-04","04000US08","Colorado",104572,166593,2666358,6.25,1586577600000,"April 11th, 2020","04000US08","Colorado"
"2020-04-11","2020-04-04","04000US12","Florida",180419,339448,8590846,3.95,1586577600000,"April 11th, 2020","04000US12","Florida"
"2020-04-11","2020-04-04","04000US13","Georgia",319581,595418,4388404,13.57,1586577600000,"April 11th, 2020","04000US13","Georgia"
"2020-04-11","2020-04-04","04000US20","Kansas",29873,78334,1364944,5.74,1586577600000,"April 11th, 2020","04000US20","Kansas"
"2020-04-11","2020-04-04","04000US26","Michigan",222207,749011,4305711,17.4,1586577600000,"April 11th, 2020","04000US26","Michigan"
"2020-04-04","2020-03-28","04000US08","Colorado",46326,73584,2650335,2.78,1585972800000,"April 4th, 2020","04000US08","Colorado"
"2020-04-04","2020-03-28","04000US12","Florida",169885,98921,8604277,1.15,1585972800000,"April 4th, 2020","04000US12","Florida"
"2020-04-04","2020-03-28","04000US13","Georgia",390132,360077,4373059,8.23,1585972800000,"April 4th, 2020","04000US13","Georgia"
"2020-04-04","2020-03-28","04000US20","Kansas",49306,51425,1363114,3.77,1585972800000,"April 4th, 2020","04000US20","Kansas"
"2020-04-04","2020-03-28","04000US26","Michigan",388554,366426,4302198,8.52,1585972800000,"April 4th, 2020","04000US26","Michigan"
"2020-03-28","2020-03-21","04000US08","Colorado",61838,21956,2650335,0.83,1585368000000,"March 28th, 2020","04000US08","Colorado"
"2020-03-28","2020-03-21","04000US12","Florida",228484,35076,8604277,0.41,1585368000000,"March 28th, 2020","04000US12","Florida"
"2020-03-28","2020-03-21","04000US13","Georgia",133820,107877,4373059,2.47,1585368000000,"March 28th, 2020","04000US13","Georgia"
"2020-03-28","2020-03-21","04000US20","Kansas",54330,17558,1363114,1.29,1585368000000,"March 28th, 2020","04000US20","Kansas"
"2020-03-28","2020-03-21","04000US26","Michigan",304335,88183,4302198,2.05,1585368000000,"March 28th, 2020","04000US26","Michigan"
"2020-03-21","2020-03-14","04000US08","Colorado",19774,21309,2650335,0.8,1584763200000,"March 21st, 2020","04000US08","Colorado"
"2020-03-21","2020-03-14","04000US12","Florida",74313,33728,8604277,0.39,1584763200000,"March 21st, 2020","04000US12","Florida"
"2020-03-21","2020-03-14","04000US13","Georgia",12140,27507,4373059,0.63,1584763200000,"March 21st, 2020","04000US13","Georgia"
"2020-03-21","2020-03-14","04000US20","Kansas",23563,9973,1363114,0.73,1584763200000,"March 21st, 2020","04000US20","Kansas"
"2020-03-21","2020-03-14","04000US26","Michigan",128006,75075,4302198,1.75,1584763200000,"March 21st, 2020","04000US26","Michigan"
"2020-03-14","2020-03-07","04000US08","Colorado",2321,21260,2650335,0.8,1584158400000,"March 14th, 2020","04000US08","Colorado"
"2020-03-14","2020-03-07","04000US12","Florida",6463,32244,8604277,0.37,1584158400000,"March 14th, 2020","04000US12","Florida"
"2020-03-14","2020-03-07","04000US13","Georgia",5445,25352,4373059,0.58,1584158400000,"March 14th, 2020","04000US13","Georgia"
"2020-03-14","2020-03-07","04000US20","Kansas",1755,9771,1363114,0.72,1584158400000,"March 14th, 2020","04000US20","Kansas"
"2020-03-14","2020-03-07","04000US26","Michigan",5338,75757,4302198,1.76,1584158400000,"March 14th, 2020","04000US26","Michigan"
"2020-03-07","2020-02-29","04000US08","Colorado",1865,22908,2650335,0.86,1583557200000,"March 7th, 2020","04000US08","Colorado"
"2020-03-07","2020-02-29","04000US12","Florida",5325,32262,8604277,0.37,1583557200000,"March 7th, 2020","04000US12","Florida"
"2020-03-07","2020-02-29","04000US13","Georgia",4569,25079,4373059,0.57,1583557200000,"March 7th, 2020","04000US13","Georgia"
"2020-03-07","2020-02-29","04000US20","Kansas",1365,11003,1363115,0.81,1583557200000,"March 7th, 2020","04000US20","Kansas"
"2020-03-07","2020-02-29","04000US26","Michigan",5150,77661,4302198,1.81,1583557200000,"March 7th, 2020","04000US26","Michigan"
"2020-02-29","2020-02-22","04000US08","Colorado",1681,22409,2650335,0.85,1582952400000,"February 29th, 2020","04000US08","Colorado"
"2020-02-29","2020-02-22","04000US12","Florida",4853,33421,8604277,0.39,1582952400000,"February 29th, 2020","04000US12","Florida"
"2020-02-29","2020-02-22","04000US13","Georgia",5538,26958,4373059,0.62,1582952400000,"February 29th, 2020","04000US13","Georgia"
"2020-02-29","2020-02-22","04000US20","Kansas",1517,11505,1363114,0.84,1582952400000,"February 29th, 2020","04000US20","Kansas"
"2020-02-29","2020-02-22","04000US26","Michigan",5419,78570,4302198,1.83,1582952400000,"February 29th, 2020","04000US26","Michigan"
"2020-02-22","2020-02-15","04000US08","Colorado",1862,23694,2650335,0.89,1582347600000,"February 22nd, 2020","04000US08","Colorado"
"2020-02-22","2020-02-15","04000US12","Florida",4861,33570,8604277,0.39,1582347600000,"February 22nd, 2020","04000US12","Florida"
"2020-02-22","2020-02-15","04000US13","Georgia",5030,26963,4373059,0.62,1582347600000,"February 22nd, 2020","04000US13","Georgia"
"2020-02-22","2020-02-15","04000US20","Kansas",1494,12003,1363114,0.88,1582347600000,"February 22nd, 2020","04000US20","Kansas"
"2020-02-22","2020-02-15","04000US26","Michigan",5942,78029,4302198,1.81,1582347600000,"February 22nd, 2020","04000US26","Michigan"
"2020-02-15","2020-02-08","04000US08","Colorado",2209,22076,2650335,0.83,1581742800000,"February 15th, 2020","04000US08","Colorado"
"2020-02-15","2020-02-08","04000US12","Florida",5229,34449,8604277,0.4,1581742800000,"February 15th, 2020","04000US12","Florida"
"2020-02-15","2020-02-08","04000US13","Georgia",6277,27317,4373059,0.62,1581742800000,"February 15th, 2020","04000US13","Georgia"
"2020-02-15","2020-02-08","04000US20","Kansas",2076,11666,1363114,0.86,1581742800000,"February 15th, 2020","04000US20","Kansas"
"2020-02-15","2020-02-08","04000US26","Michigan",5587,79149,4302198,1.84,1581742800000,"February 15th, 2020","04000US26","Michigan"
"2020-02-08","2020-02-01","04000US08","Colorado",2482,22881,2650335,0.86,1581138000000,"February 8th, 2020","04000US08","Colorado"
"2020-02-08","2020-02-01","04000US12","Florida",5605,33176,8604277,0.39,1581138000000,"February 8th, 2020","04000US12","Florida"
"2020-02-08","2020-02-01","04000US13","Georgia",5577,26984,4373059,0.62,1581138000000,"February 8th, 2020","04000US13","Georgia"
"2020-02-08","2020-02-01","04000US20","Kansas",2107,11809,1363114,0.87,1581138000000,"February 8th, 2020","04000US20","Kansas"
"2020-02-08","2020-02-01","04000US26","Michigan",6627,79833,4302198,1.86,1581138000000,"February 8th, 2020","04000US26","Michigan"
"2020-02-01","2020-01-25","04000US08","Colorado",2049,21560,2650335,0.81,1580533200000,"February 1st, 2020","04000US08","Colorado"
"2020-02-01","2020-01-25","04000US12","Florida",5457,35871,8604277,0.42,1580533200000,"February 1st, 2020","04000US12","Florida"
"2020-02-01","2020-01-25","04000US13","Georgia",5199,28332,4373059,0.65,1580533200000,"February 1st, 2020","04000US13","Georgia"
"2020-02-01","2020-01-25","04000US20","Kansas",2000,12301,1363114,0.9,1580533200000,"February 1st, 2020","04000US20","Kansas"
"2020-02-01","2020-01-25","04000US26","Michigan",6869,82775,4302198,1.92,1580533200000,"February 1st, 2020","04000US26","Michigan"
"2020-01-25","2020-01-18","04000US08","Colorado",2164,22738,2650335,0.86,1579928400000,"January 25th, 2020","04000US08","Colorado"
"2020-01-25","2020-01-18","04000US12","Florida",5206,33347,8604277,0.39,1579928400000,"January 25th, 2020","04000US12","Florida"
"2020-01-25","2020-01-18","04000US13","Georgia",5257,28998,4373059,0.66,1579928400000,"January 25th, 2020","04000US13","Georgia"
"2020-01-25","2020-01-18","04000US20","Kansas",2557,11182,1363114,0.82,1579928400000,"January 25th, 2020","04000US20","Kansas"
"2020-01-25","2020-01-18","04000US26","Michigan",7678,91306,4302198,2.12,1579928400000,"January 25th, 2020","04000US26","Michigan"
"2020-01-18","2020-01-11","04000US08","Colorado",2522,21104,2650335,0.8,1579323600000,"January 18th, 2020","04000US08","Colorado"
"2020-01-18","2020-01-11","04000US12","Florida",6088,34718,8604277,0.4,1579323600000,"January 18th, 2020","04000US12","Florida"
"2020-01-18","2020-01-11","04000US13","Georgia",8161,32079,4373059,0.73,1579323600000,"January 18th, 2020","04000US13","Georgia"
"2020-01-18","2020-01-11","04000US20","Kansas",2402,10638,1363114,0.78,1579323600000,"January 18th, 2020","04000US20","Kansas"
"2020-01-18","2020-01-11","04000US26","Michigan",10304,84136,4302198,1.96,1579323600000,"January 18th, 2020","04000US26","Michigan"
"2020-01-11","2020-01-04","04000US08","Colorado",3001,21492,2650335,0.81,1578718800000,"January 11th, 2020","04000US08","Colorado"
"2020-01-11","2020-01-04","04000US12","Florida",6862,35024,8604277,0.41,1578718800000,"January 11th, 2020","04000US12","Florida"
"2020-01-11","2020-01-04","04000US13","Georgia",17962,47482,4373059,1.09,1578718800000,"January 11th, 2020","04000US13","Georgia"
"2020-01-11","2020-01-04","04000US20","Kansas",2140,11431,1363114,0.84,1578718800000,"January 11th, 2020","04000US20","Kansas"
"2020-01-11","2020-01-04","04000US26","Michigan",14245,89760,4302198,2.09,1578718800000,"January 11th, 2020","04000US26","Michigan"
"2020-01-04","2019-12-28","04000US08","Colorado",2431,21391,2635231,0.81,1578114000000,"January 4th, 2020","04000US08","Colorado"
"2020-01-04","2019-12-28","04000US12","Florida",4618,36189,8608066,0.42,1578114000000,"January 4th, 2020","04000US12","Florida"
"2020-01-04","2019-12-28","04000US13","Georgia",17060,38704,4353840,0.89,1578114000000,"January 4th, 2020","04000US13","Georgia"
"2020-01-04","2019-12-28","04000US20","Kansas",2019,11175,1359781,0.82,1578114000000,"January 4th, 2020","04000US20","Kansas"
"2020-01-04","2019-12-28","04000US26","Michigan",13207,72103,4298761,1.68,1578114000000,"January 4th, 2020","04000US26","Michigan"
"2019-12-28","2019-12-21","04000US08","Colorado",1723,18779,2635231,0.71,1577509200000,"December 28th, 2019","04000US08","Colorado"
"2019-12-28","2019-12-21","04000US12","Florida",3807,31743,8608066,0.37,1577509200000,"December 28th, 2019","04000US12","Florida"
"2019-12-28","2019-12-21","04000US13","Georgia",4131,24259,4353840,0.56,1577509200000,"December 28th, 2019","04000US13","Georgia"
"2019-12-28","2019-12-21","04000US20","Kansas",3059,9525,1359781,0.7,1577509200000,"December 28th, 2019","04000US20","Kansas"
"2019-12-28","2019-12-21","04000US26","Michigan",18896,59526,4298761,1.38,1577509200000,"December 28th, 2019","04000US26","Michigan"
"2019-12-21","2019-12-14","04000US08","Colorado",2360,19837,2635231,0.75,1576904400000,"December 21st, 2019","04000US08","Colorado"
"2019-12-21","2019-12-14","04000US12","Florida",5337,36866,8608066,0.43,1576904400000,"December 21st, 2019","04000US12","Florida"
"2019-12-21","2019-12-14","04000US13","Georgia",4885,25133,4353840,0.58,1576904400000,"December 21st, 2019","04000US13","Georgia"
"2019-12-21","2019-12-14","04000US20","Kansas",3096,8562,1359781,0.63,1576904400000,"December 21st, 2019","04000US20","Kansas"
"2019-12-21","2019-12-14","04000US26","Michigan",10838,60861,4298761,1.42,1576904400000,"December 21st, 2019","04000US26","Michigan"
"2019-12-14","2019-12-07","04000US08","Colorado",2279,19433,2635231,0.74,1576299600000,"December 14th, 2019","04000US08","Colorado"
"2019-12-14","2019-12-07","04000US12","Florida",5375,33428,8608066,0.39,1576299600000,"December 14th, 2019","04000US12","Florida"
"2019-12-14","2019-12-07","04000US13","Georgia",6595,26358,4353840,0.61,1576299600000,"December 14th, 2019","04000US13","Georgia"
"2019-12-14","2019-12-07","04000US20","Kansas",1825,8077,1359781,0.59,1576299600000,"December 14th, 2019","04000US20","Kansas"
"2019-12-14","2019-12-07","04000US26","Michigan",10201,52746,4298761,1.23,1576299600000,"December 14th, 2019","04000US26","Michigan"
"2019-12-07","2019-11-30","04000US08","Colorado",3162,19664,2635231,0.75,1575694800000,"December 7th, 2019","04000US08","Colorado"
"2019-12-07","2019-11-30","04000US12","Florida",5681,38917,8608066,0.45,1575694800000,"December 7th, 2019","04000US12","Florida"
"2019-12-07","2019-11-30","04000US13","Georgia",9592,31239,4353840,0.72,1575694800000,"December 7th, 2019","04000US13","Georgia"
"2019-12-07","2019-11-30","04000US20","Kansas",2176,8246,1359781,0.61,1575694800000,"December 7th, 2019","04000US20","Kansas"
"2019-12-07","2019-11-30","04000US26","Michigan",10520,52801,4298761,1.23,1575694800000,"December 7th, 2019","04000US26","Michigan"
"2019-11-30","2019-11-23","04000US08","Colorado",1910,17224,2635231,0.65,1575090000000,"November 30th, 2019","04000US08","Colorado"
"2019-11-30","2019-11-23","04000US12","Florida",3817,31147,8608066,0.36,1575090000000,"November 30th, 2019","04000US12","Florida"
"2019-11-30","2019-11-23","04000US13","Georgia",3961,21522,4353840,0.49,1575090000000,"November 30th, 2019","04000US13","Georgia"
"2019-11-30","2019-11-23","04000US20","Kansas",1236,7258,1359781,0.53,1575090000000,"November 30th, 2019","04000US20","Kansas"
"2019-11-30","2019-11-23","04000US26","Michigan",8005,46423,4298761,1.08,1575090000000,"November 30th, 2019","04000US26","Michigan"
"2019-11-23","2019-11-16","04000US08","Colorado",2302,17971,2635231,0.68,1574485200000,"November 23rd, 2019","04000US08","Colorado"
"2019-11-23","2019-11-16","04000US12","Florida",5662,36170,8608066,0.42,1574485200000,"November 23rd, 2019","04000US12","Florida"
"2019-11-23","2019-11-16","04000US13","Georgia",5780,24461,4353840,0.56,1574485200000,"November 23rd, 2019","04000US13","Georgia"
"2019-11-23","2019-11-16","04000US20","Kansas",1620,7345,1359781,0.54,1574485200000,"November 23rd, 2019","04000US20","Kansas"
"2019-11-23","2019-11-16","04000US26","Michigan",9288,42811,4298761,1,1574485200000,"November 23rd, 2019","04000US26","Michigan"
"2019-11-16","2019-11-09","04000US08","Colorado",2141,17887,2635231,0.68,1573880400000,"November 16th, 2019","04000US08","Colorado"
"2019-11-16","2019-11-09","04000US12","Florida",5252,34385,8608066,0.4,1573880400000,"November 16th, 2019","04000US12","Florida"
"2019-11-16","2019-11-09","04000US13","Georgia",3934,23917,4353840,0.55,1573880400000,"November 16th, 2019","04000US13","Georgia"
"2019-11-16","2019-11-09","04000US20","Kansas",1413,6982,1359781,0.51,1573880400000,"November 16th, 2019","04000US20","Kansas"
"2019-11-16","2019-11-09","04000US26","Michigan",8872,39394,4298761,0.92,1573880400000,"November 16th, 2019","04000US26","Michigan"
"2019-11-09","2019-11-02","04000US08","Colorado",2318,16845,2635231,0.64,1573275600000,"November 9th, 2019","04000US08","Colorado"
"2019-11-09","2019-11-02","04000US12","Florida",6028,35489,8608066,0.41,1573275600000,"November 9th, 2019","04000US12","Florida"
"2019-11-09","2019-11-02","04000US13","Georgia",5417,24251,4353840,0.56,1573275600000,"November 9th, 2019","04000US13","Georgia"
"2019-11-09","2019-11-02","04000US20","Kansas",1457,7093,1359781,0.52,1573275600000,"November 9th, 2019","04000US20","Kansas"
"2019-11-09","2019-11-02","04000US26","Michigan",7559,41868,4298761,0.97,1573275600000,"November 9th, 2019","04000US26","Michigan"
"2019-11-02","2019-10-26","04000US08","Colorado",3112,16374,2635231,0.62,1572667200000,"November 2nd, 2019","04000US08","Colorado"
"2019-11-02","2019-10-26","04000US12","Florida",5484,35187,8608066,0.41,1572667200000,"November 2nd, 2019","04000US12","Florida"
"2019-11-02","2019-10-26","04000US13","Georgia",5207,24694,4353840,0.57,1572667200000,"November 2nd, 2019","04000US13","Georgia"
"2019-11-02","2019-10-26","04000US20","Kansas",1346,7279,1359781,0.54,1572667200000,"November 2nd, 2019","04000US20","Kansas"
"2019-11-02","2019-10-26","04000US26","Michigan",6072,48371,4298761,1.13,1572667200000,"November 2nd, 2019","04000US26","Michigan"
"2019-10-26","2019-10-19","04000US08","Colorado",1849,16182,2635231,0.61,1572062400000,"October 26th, 2019","04000US08","Colorado"
"2019-10-26","2019-10-19","04000US12","Florida",5402,36047,8608066,0.42,1572062400000,"October 26th, 2019","04000US12","Florida"
"2019-10-26","2019-10-19","04000US13","Georgia",6255,25067,4353840,0.58,1572062400000,"October 26th, 2019","04000US13","Georgia"
"2019-10-26","2019-10-19","04000US20","Kansas",1316,7126,1359781,0.52,1572062400000,"October 26th, 2019","04000US20","Kansas"
"2019-10-26","2019-10-19","04000US26","Michigan",5571,44957,4298761,1.05,1572062400000,"October 26th, 2019","04000US26","Michigan"
"2019-10-19","2019-10-12","04000US08","Colorado",1879,15647,2635231,0.59,1571457600000,"October 19th, 2019","04000US08","Colorado"
"2019-10-19","2019-10-12","04000US12","Florida",5451,36987,8608066,0.43,1571457600000,"October 19th, 2019","04000US12","Florida"
"2019-10-19","2019-10-12","04000US13","Georgia",4431,24134,4353840,0.55,1571457600000,"October 19th, 2019","04000US13","Georgia"
"2019-10-19","2019-10-12","04000US20","Kansas",1132,7269,1359781,0.53,1571457600000,"October 19th, 2019","04000US20","Kansas"
"2019-10-19","2019-10-12","04000US26","Michigan",6180,46200,4298761,1.07,1571457600000,"October 19th, 2019","04000US26","Michigan"
"2019-10-12","2019-10-05","04000US08","Colorado",2002,14966,2635231,0.57,1570852800000,"October 12th, 2019","04000US08","Colorado"
"2019-10-12","2019-10-05","04000US12","Florida",5982,36883,8608066,0.43,1570852800000,"October 12th, 2019","04000US12","Florida"
"2019-10-12","2019-10-05","04000US13","Georgia",5100,23752,4353840,0.55,1570852800000,"October 12th, 2019","04000US13","Georgia"
"2019-10-12","2019-10-05","04000US20","Kansas",1245,7198,1359781,0.53,1570852800000,"October 12th, 2019","04000US20","Kansas"
"2019-10-12","2019-10-05","04000US26","Michigan",7267,40454,4298761,0.94,1570852800000,"October 12th, 2019","04000US26","Michigan"
"2019-10-05","2019-09-28","04000US08","Colorado",1967,15426,2620560,0.59,1570248000000,"October 5th, 2019","04000US08","Colorado"
"2019-10-05","2019-09-28","04000US12","Florida",6072,37855,8563455,0.44,1570248000000,"October 5th, 2019","04000US12","Florida"
"2019-10-05","2019-09-28","04000US13","Georgia",4843,24335,4332044,0.56,1570248000000,"October 5th, 2019","04000US13","Georgia"
"2019-10-05","2019-09-28","04000US20","Kansas",1318,7417,1357246,0.55,1570248000000,"October 5th, 2019","04000US20","Kansas"
"2019-10-05","2019-09-28","04000US26","Michigan",6803,41252,4290558,0.96,1570248000000,"October 5th, 2019","04000US26","Michigan"
"2019-09-28","2019-09-21","04000US08","Colorado",1429,15283,2620560,0.58,1569643200000,"September 28th, 2019","04000US08","Colorado"
"2019-09-28","2019-09-21","04000US12","Florida",5388,39475,8563455,0.46,1569643200000,"September 28th, 2019","04000US12","Florida"
"2019-09-28","2019-09-21","04000US13","Georgia",4534,23955,4332044,0.55,1569643200000,"September 28th, 2019","04000US13","Georgia"
"2019-09-28","2019-09-21","04000US20","Kansas",1206,7643,1357246,0.56,1569643200000,"September 28th, 2019","04000US20","Kansas"
"2019-09-28","2019-09-21","04000US26","Michigan",7406,32597,4290558,0.76,1569643200000,"September 28th, 2019","04000US26","Michigan"
"2019-09-21","2019-09-14","04000US08","Colorado",1418,15379,2620560,0.59,1569038400000,"September 21st, 2019","04000US08","Colorado"
"2019-09-21","2019-09-14","04000US12","Florida",5972,39151,8563455,0.46,1569038400000,"September 21st, 2019","04000US12","Florida"
"2019-09-21","2019-09-14","04000US13","Georgia",4262,24252,4332044,0.56,1569038400000,"September 21st, 2019","04000US13","Georgia"
"2019-09-21","2019-09-14","04000US20","Kansas",2602,6843,1357246,0.5,1569038400000,"September 21st, 2019","04000US20","Kansas"
"2019-09-21","2019-09-14","04000US26","Michigan",7831,33799,4290558,0.79,1569038400000,"September 21st, 2019","04000US26","Michigan"
"2019-09-14","2019-09-07","04000US08","Colorado",1467,15597,2620560,0.6,1568433600000,"September 14th, 2019","04000US08","Colorado"
"2019-09-14","2019-09-07","04000US12","Florida",6543,40712,8563455,0.48,1568433600000,"September 14th, 2019","04000US12","Florida"
"2019-09-14","2019-09-07","04000US13","Georgia",5208,25217,4332044,0.58,1568433600000,"September 14th, 2019","04000US13","Georgia"
"2019-09-14","2019-09-07","04000US20","Kansas",1127,7366,1357246,0.54,1568433600000,"September 14th, 2019","04000US20","Kansas"
"2019-09-14","2019-09-07","04000US26","Michigan",3573,35623,4290558,0.83,1568433600000,"September 14th, 2019","04000US26","Michigan"
"2019-09-07","2019-08-31","04000US08","Colorado",1465,15460,2620560,0.59,1567828800000,"September 7th, 2019","04000US08","Colorado"
"2019-09-07","2019-08-31","04000US12","Florida",5013,40036,8563455,0.47,1567828800000,"September 7th, 2019","04000US12","Florida"
"2019-09-07","2019-08-31","04000US13","Georgia",3645,24574,4332044,0.57,1567828800000,"September 7th, 2019","04000US13","Georgia"
"2019-09-07","2019-08-31","04000US20","Kansas",1289,7639,1357246,0.56,1567828800000,"September 7th, 2019","04000US20","Kansas"
"2019-09-07","2019-08-31","04000US26","Michigan",3988,35946,4290558,0.84,1567828800000,"September 7th, 2019","04000US26","Michigan"
"2019-08-31","2019-08-24","04000US08","Colorado",1510,15947,2620560,0.61,1567224000000,"August 31st, 2019","04000US08","Colorado"
"2019-08-31","2019-08-24","04000US12","Florida",5646,41020,8563455,0.48,1567224000000,"August 31st, 2019","04000US12","Florida"
"2019-08-31","2019-08-24","04000US13","Georgia",4797,24822,4332044,0.57,1567224000000,"August 31st, 2019","04000US13","Georgia"
"2019-08-31","2019-08-24","04000US20","Kansas",2166,7473,1357246,0.55,1567224000000,"August 31st, 2019","04000US20","Kansas"
"2019-08-31","2019-08-24","04000US26","Michigan",4353,37750,4290558,0.88,1567224000000,"August 31st, 2019","04000US26","Michigan"
"2019-08-24","2019-08-17","04000US08","Colorado",1486,16298,2620560,0.62,1566619200000,"August 24th, 2019","04000US08","Colorado"
"2019-08-24","2019-08-17","04000US12","Florida",6305,43799,8563455,0.51,1566619200000,"August 24th, 2019","04000US12","Florida"
"2019-08-24","2019-08-17","04000US13","Georgia",4450,25549,4332044,0.59,1566619200000,"August 24th, 2019","04000US13","Georgia"
"2019-08-24","2019-08-17","04000US20","Kansas",1183,7509,1357246,0.55,1566619200000,"August 24th, 2019","04000US20","Kansas"
"2019-08-24","2019-08-17","04000US26","Michigan",3791,39150,4290558,0.91,1566619200000,"August 24th, 2019","04000US26","Michigan"
"2019-08-17","2019-08-10","04000US08","Colorado",1471,16765,2620560,0.64,1566014400000,"August 17th, 2019","04000US08","Colorado"
"2019-08-17","2019-08-10","04000US12","Florida",6009,41853,8563455,0.49,1566014400000,"August 17th, 2019","04000US12","Florida"
"2019-08-17","2019-08-10","04000US13","Georgia",3913,24789,4332044,0.57,1566014400000,"August 17th, 2019","04000US13","Georgia"
"2019-08-17","2019-08-10","04000US20","Kansas",1172,8222,1357246,0.61,1566014400000,"August 17th, 2019","04000US20","Kansas"
"2019-08-17","2019-08-10","04000US26","Michigan",4056,43437,4290558,1.01,1566014400000,"August 17th, 2019","04000US26","Michigan"
"2019-08-10","2019-08-03","04000US08","Colorado",1542,16862,2620560,0.64,1565409600000,"August 10th, 2019","04000US08","Colorado"
"2019-08-10","2019-08-03","04000US12","Florida",6509,42628,8563455,0.5,1565409600000,"August 10th, 2019","04000US12","Florida"
"2019-08-10","2019-08-03","04000US13","Georgia",4395,25319,4332044,0.58,1565409600000,"August 10th, 2019","04000US13","Georgia"
"2019-08-10","2019-08-03","04000US20","Kansas",1325,8500,1357246,0.63,1565409600000,"August 10th, 2019","04000US20","Kansas"
"2019-08-10","2019-08-03","04000US26","Michigan",4272,43046,4290558,1,1565409600000,"August 10th, 2019","04000US26","Michigan"
"2019-08-03","2019-07-27","04000US08","Colorado",1512,17233,2620560,0.66,1564804800000,"August 3rd, 2019","04000US08","Colorado"
"2019-08-03","2019-07-27","04000US12","Florida",6437,42461,8563455,0.5,1564804800000,"August 3rd, 2019","04000US12","Florida"
"2019-08-03","2019-07-27","04000US13","Georgia",4402,25618,4332044,0.59,1564804800000,"August 3rd, 2019","04000US13","Georgia"
"2019-08-03","2019-07-27","04000US20","Kansas",1398,8779,1357246,0.65,1564804800000,"August 3rd, 2019","04000US20","Kansas"
"2019-08-03","2019-07-27","04000US26","Michigan",4434,47750,4290558,1.11,1564804800000,"August 3rd, 2019","04000US26","Michigan"
"2019-07-27","2019-07-20","04000US08","Colorado",1460,16994,2620560,0.65,1564200000000,"July 27th, 2019","04000US08","Colorado"
"2019-07-27","2019-07-20","04000US12","Florida",6491,42091,8563455,0.49,1564200000000,"July 27th, 2019","04000US12","Florida"
"2019-07-27","2019-07-20","04000US13","Georgia",4275,26077,4332044,0.6,1564200000000,"July 27th, 2019","04000US13","Georgia"
"2019-07-27","2019-07-20","04000US20","Kansas",1360,9308,1357246,0.69,1564200000000,"July 27th, 2019","04000US20","Kansas"
"2019-07-27","2019-07-20","04000US26","Michigan",5119,47122,4290558,1.1,1564200000000,"July 27th, 2019","04000US26","Michigan"
"2019-07-20","2019-07-13","04000US08","Colorado",1506,17249,2620560,0.66,1563595200000,"July 20th, 2019","04000US08","Colorado"
"2019-07-20","2019-07-13","04000US12","Florida",6919,41553,8563455,0.49,1563595200000,"July 20th, 2019","04000US12","Florida"
"2019-07-20","2019-07-13","04000US13","Georgia",6107,27148,4332044,0.63,1563595200000,"July 20th, 2019","04000US13","Georgia"
"2019-07-20","2019-07-13","04000US20","Kansas",1366,9472,1357246,0.7,1563595200000,"July 20th, 2019","04000US20","Kansas"
"2019-07-20","2019-07-13","04000US26","Michigan",9548,56430,4290558,1.32,1563595200000,"July 20th, 2019","04000US26","Michigan"
"2019-07-13","2019-07-06","04000US08","Colorado",1809,16974,2620560,0.65,1562990400000,"July 13th, 2019","04000US08","Colorado"
"2019-07-13","2019-07-06","04000US12","Florida",7710,40614,8563455,0.47,1562990400000,"July 13th, 2019","04000US12","Florida"
"2019-07-13","2019-07-06","04000US13","Georgia",9065,30818,4332044,0.71,1562990400000,"July 13th, 2019","04000US13","Georgia"
"2019-07-13","2019-07-06","04000US20","Kansas",2657,8316,1357246,0.61,1562990400000,"July 13th, 2019","04000US20","Kansas"
"2019-07-13","2019-07-06","04000US26","Michigan",8058,42764,4290558,1,1562990400000,"July 13th, 2019","04000US26","Michigan"
"2019-07-06","2019-06-29","04000US08","Colorado",1450,17305,2605045,0.66,1562385600000,"July 6th, 2019","04000US08","Colorado"
"2019-07-06","2019-06-29","04000US12","Florida",7150,37702,8511100,0.44,1562385600000,"July 6th, 2019","04000US12","Florida"
"2019-07-06","2019-06-29","04000US13","Georgia",5234,24972,4314458,0.58,1562385600000,"July 6th, 2019","04000US13","Georgia"
"2019-07-06","2019-06-29","04000US20","Kansas",2419,7914,1354497,0.58,1562385600000,"July 6th, 2019","04000US20","Kansas"
"2019-07-06","2019-06-29","04000US26","Michigan",13619,40215,4277987,0.94,1562385600000,"July 6th, 2019","04000US26","Michigan"
"2019-06-29","2019-06-22","04000US08","Colorado",1355,16960,2605045,0.65,1561780800000,"June 29th, 2019","04000US08","Colorado"
"2019-06-29","2019-06-22","04000US12","Florida",6845,38733,8511100,0.46,1561780800000,"June 29th, 2019","04000US12","Florida"
"2019-06-29","2019-06-22","04000US13","Georgia",4336,24973,4314458,0.58,1561780800000,"June 29th, 2019","04000US13","Georgia"
"2019-06-29","2019-06-22","04000US20","Kansas",1516,7871,1354497,0.58,1561780800000,"June 29th, 2019","04000US20","Kansas"
"2019-06-29","2019-06-22","04000US26","Michigan",6890,38722,4277987,0.91,1561780800000,"June 29th, 2019","04000US26","Michigan"
"2019-06-22","2019-06-15","04000US08","Colorado",1537,18078,2605045,0.69,1561176000000,"June 22nd, 2019","04000US08","Colorado"
"2019-06-22","2019-06-15","04000US12","Florida",7025,38862,8511100,0.46,1561176000000,"June 22nd, 2019","04000US12","Florida"
"2019-06-22","2019-06-15","04000US13","Georgia",4412,25072,4314458,0.58,1561176000000,"June 22nd, 2019","04000US13","Georgia"
"2019-06-22","2019-06-15","04000US20","Kansas",1292,8149,1354497,0.6,1561176000000,"June 22nd, 2019","04000US20","Kansas"
"2019-06-22","2019-06-15","04000US26","Michigan",5219,38080,4277987,0.89,1561176000000,"June 22nd, 2019","04000US26","Michigan"
"2019-06-15","2019-06-08","04000US08","Colorado",1517,17158,2605045,0.66,1560571200000,"June 15th, 2019","04000US08","Colorado"
"2019-06-15","2019-06-08","04000US12","Florida",7509,35131,8511100,0.41,1560571200000,"June 15th, 2019","04000US12","Florida"
"2019-06-15","2019-06-08","04000US13","Georgia",4332,24648,4314458,0.57,1560571200000,"June 15th, 2019","04000US13","Georgia"
"2019-06-15","2019-06-08","04000US20","Kansas",1436,7857,1354497,0.58,1560571200000,"June 15th, 2019","04000US20","Kansas"
"2019-06-15","2019-06-08","04000US26","Michigan",4719,39142,4277987,0.91,1560571200000,"June 15th, 2019","04000US26","Michigan"
"2019-06-08","2019-06-01","04000US08","Colorado",1978,18061,2605045,0.69,1559966400000,"June 8th, 2019","04000US08","Colorado"
"2019-06-08","2019-06-01","04000US12","Florida",8581,34500,8511100,0.41,1559966400000,"June 8th, 2019","04000US12","Florida"
"2019-06-08","2019-06-01","04000US13","Georgia",5366,24860,4314458,0.58,1559966400000,"June 8th, 2019","04000US13","Georgia"
"2019-06-08","2019-06-01","04000US20","Kansas",1512,8110,1354497,0.6,1559966400000,"June 8th, 2019","04000US20","Kansas"
"2019-06-08","2019-06-01","04000US26","Michigan",5010,43510,4277987,1.02,1559966400000,"June 8th, 2019","04000US26","Michigan"
"2019-06-01","2019-05-25","04000US08","Colorado",1613,17684,2605045,0.68,1559361600000,"June 1st, 2019","04000US08","Colorado"
"2019-06-01","2019-05-25","04000US12","Florida",5971,34600,8511100,0.41,1559361600000,"June 1st, 2019","04000US12","Florida"
"2019-06-01","2019-05-25","04000US13","Georgia",4474,24268,4314458,0.56,1559361600000,"June 1st, 2019","04000US13","Georgia"
"2019-06-01","2019-05-25","04000US20","Kansas",1533,8257,1354497,0.61,1559361600000,"June 1st, 2019","04000US20","Kansas"
"2019-06-01","2019-05-25","04000US26","Michigan",4112,43562,4277987,1.02,1559361600000,"June 1st, 2019","04000US26","Michigan"
"2019-05-25","2019-05-18","04000US08","Colorado",1880,18166,2605045,0.7,1558756800000,"May 25th, 2019","04000US08","Colorado"
"2019-05-25","2019-05-18","04000US12","Florida",6104,33987,8511100,0.4,1558756800000,"May 25th, 2019","04000US12","Florida"
"2019-05-25","2019-05-18","04000US13","Georgia",4191,24042,4314458,0.56,1558756800000,"May 25th, 2019","04000US13","Georgia"
"2019-05-25","2019-05-18","04000US20","Kansas",2024,7711,1354497,0.57,1558756800000,"May 25th, 2019","04000US20","Kansas"
"2019-05-25","2019-05-18","04000US26","Michigan",8403,40695,4277987,0.95,1558756800000,"May 25th, 2019","04000US26","Michigan"
"2019-05-18","2019-05-11","04000US08","Colorado",1617,18533,2605045,0.71,1558152000000,"May 18th, 2019","04000US08","Colorado"
"2019-05-18","2019-05-11","04000US12","Florida",6354,33957,8511100,0.4,1558152000000,"May 18th, 2019","04000US12","Florida"
"2019-05-18","2019-05-11","04000US13","Georgia",4286,24030,4314458,0.56,1558152000000,"May 18th, 2019","04000US13","Georgia"
"2019-05-18","2019-05-11","04000US20","Kansas",1402,8083,1354497,0.6,1558152000000,"May 18th, 2019","04000US20","Kansas"
"2019-05-18","2019-05-11","04000US26","Michigan",5866,42602,4277987,1,1558152000000,"May 18th, 2019","04000US26","Michigan"
"2019-05-11","2019-05-04","04000US08","Colorado",1765,18094,2605045,0.69,1557547200000,"May 11th, 2019","04000US08","Colorado"
"2019-05-11","2019-05-04","04000US12","Florida",6402,33697,8511100,0.4,1557547200000,"May 11th, 2019","04000US12","Florida"
"2019-05-11","2019-05-04","04000US13","Georgia",5072,23743,4314458,0.55,1557547200000,"May 11th, 2019","04000US13","Georgia"
"2019-05-11","2019-05-04","04000US20","Kansas",1546,8253,1354497,0.61,1557547200000,"May 11th, 2019","04000US20","Kansas"
"2019-05-11","2019-05-04","04000US26","Michigan",5016,42462,4277987,0.99,1557547200000,"May 11th, 2019","04000US26","Michigan"
"2019-05-04","2019-04-27","04000US08","Colorado",1813,18717,2605045,0.72,1556942400000,"May 4th, 2019","04000US08","Colorado"
"2019-05-04","2019-04-27","04000US12","Florida",6262,33181,8511100,0.39,1556942400000,"May 4th, 2019","04000US12","Florida"
"2019-05-04","2019-04-27","04000US13","Georgia",4851,23899,4314458,0.55,1556942400000,"May 4th, 2019","04000US13","Georgia"
"2019-05-04","2019-04-27","04000US20","Kansas",2025,7589,1354497,0.56,1556942400000,"May 4th, 2019","04000US20","Kansas"
"2019-05-04","2019-04-27","04000US26","Michigan",4637,49314,4277987,1.15,1556942400000,"May 4th, 2019","04000US26","Michigan"
"2019-04-27","2019-04-20","04000US08","Colorado",1945,18239,2605045,0.7,1556337600000,"April 27th, 2019","04000US08","Colorado"
"2019-04-27","2019-04-20","04000US12","Florida",5900,34170,8511100,0.4,1556337600000,"April 27th, 2019","04000US12","Florida"
"2019-04-27","2019-04-20","04000US13","Georgia",4457,24013,4314458,0.56,1556337600000,"April 27th, 2019","04000US13","Georgia"
"2019-04-27","2019-04-20","04000US20","Kansas",1271,7649,1354497,0.56,1556337600000,"April 27th, 2019","04000US20","Kansas"
"2019-04-27","2019-04-20","04000US26","Michigan",4691,51581,4277987,1.21,1556337600000,"April 27th, 2019","04000US26","Michigan"
"2019-04-20","2019-04-13","04000US08","Colorado",1989,19035,2605045,0.73,1555732800000,"April 20th, 2019","04000US08","Colorado"
"2019-04-20","2019-04-13","04000US12","Florida",5911,33688,8511100,0.4,1555732800000,"April 20th, 2019","04000US12","Florida"
"2019-04-20","2019-04-13","04000US13","Georgia",4655,23737,4314458,0.55,1555732800000,"April 20th, 2019","04000US13","Georgia"
"2019-04-20","2019-04-13","04000US20","Kansas",1167,7767,1354498,0.57,1555732800000,"April 20th, 2019","04000US20","Kansas"
"2019-04-20","2019-04-13","04000US26","Michigan",4842,62658,4277987,1.46,1555732800000,"April 20th, 2019","04000US26","Michigan"
"2019-04-13","2019-04-06","04000US08","Colorado",2037,18236,2605045,0.7,1555128000000,"April 13th, 2019","04000US08","Colorado"
"2019-04-13","2019-04-06","04000US12","Florida",6345,33243,8511100,0.39,1555128000000,"April 13th, 2019","04000US12","Florida"
"2019-04-13","2019-04-06","04000US13","Georgia",5248,24837,4314458,0.58,1555128000000,"April 13th, 2019","04000US13","Georgia"
"2019-04-13","2019-04-06","04000US20","Kansas",1298,7999,1354497,0.59,1555128000000,"April 13th, 2019","04000US20","Kansas"
"2019-04-13","2019-04-06","04000US26","Michigan",5579,60805,4277987,1.42,1555128000000,"April 13th, 2019","04000US26","Michigan"
"2019-04-06","2019-03-30","04000US08","Colorado",1903,20735,2588607,0.8,1554523200000,"April 6th, 2019","04000US08","Colorado"
"2019-04-06","2019-03-30","04000US12","Florida",6402,33253,8445378,0.39,1554523200000,"April 6th, 2019","04000US12","Florida"
"2019-04-06","2019-03-30","04000US13","Georgia",4642,23020,4290407,0.54,1554523200000,"April 6th, 2019","04000US13","Georgia"
"2019-04-06","2019-03-30","04000US20","Kansas",1357,8643,1351006,0.64,1554523200000,"April 6th, 2019","04000US20","Kansas"
"2019-04-06","2019-03-30","04000US26","Michigan",6682,71366,4268378,1.67,1554523200000,"April 6th, 2019","04000US26","Michigan"
"2019-03-30","2019-03-23","04000US08","Colorado",1483,20354,2588607,0.79,1553918400000,"March 30th, 2019","04000US08","Colorado"
"2019-03-30","2019-03-23","04000US12","Florida",5304,34577,8445378,0.41,1553918400000,"March 30th, 2019","04000US12","Florida"
"2019-03-30","2019-03-23","04000US13","Georgia",4171,23944,4290407,0.56,1553918400000,"March 30th, 2019","04000US13","Georgia"
"2019-03-30","2019-03-23","04000US20","Kansas",1490,9195,1351006,0.68,1553918400000,"March 30th, 2019","04000US20","Kansas"
"2019-03-30","2019-03-23","04000US26","Michigan",4737,70441,4268378,1.65,1553918400000,"March 30th, 2019","04000US26","Michigan"
"2019-03-23","2019-03-16","04000US08","Colorado",1550,22886,2588607,0.88,1553313600000,"March 23rd, 2019","04000US08","Colorado"
"2019-03-23","2019-03-16","04000US12","Florida",5353,34930,8445378,0.41,1553313600000,"March 23rd, 2019","04000US12","Florida"
"2019-03-23","2019-03-16","04000US13","Georgia",4182,23918,4290407,0.56,1553313600000,"March 23rd, 2019","04000US13","Georgia"
"2019-03-23","2019-03-16","04000US20","Kansas",1271,10886,1351006,0.81,1553313600000,"March 23rd, 2019","04000US20","Kansas"
"2019-03-23","2019-03-16","04000US26","Michigan",4887,78958,4268378,1.85,1553313600000,"March 23rd, 2019","04000US26","Michigan"
"2019-03-16","2019-03-09","04000US08","Colorado",1506,21189,2588607,0.82,1552708800000,"March 16th, 2019","04000US08","Colorado"
"2019-03-16","2019-03-09","04000US12","Florida",5801,34751,8445378,0.41,1552708800000,"March 16th, 2019","04000US12","Florida"
"2019-03-16","2019-03-09","04000US13","Georgia",4387,24682,4290407,0.58,1552708800000,"March 16th, 2019","04000US13","Georgia"
"2019-03-16","2019-03-09","04000US20","Kansas",1648,11193,1351006,0.83,1552708800000,"March 16th, 2019","04000US20","Kansas"
"2019-03-16","2019-03-09","04000US26","Michigan",5156,76084,4268378,1.78,1552708800000,"March 16th, 2019","04000US26","Michigan"
"2019-03-09","2019-03-02","04000US08","Colorado",1891,23142,2588607,0.89,1552107600000,"March 9th, 2019","04000US08","Colorado"
"2019-03-09","2019-03-02","04000US12","Florida",6204,35361,8445378,0.42,1552107600000,"March 9th, 2019","04000US12","Florida"
"2019-03-09","2019-03-02","04000US13","Georgia",5166,25281,4290407,0.59,1552107600000,"March 9th, 2019","04000US13","Georgia"
"2019-03-09","2019-03-02","04000US20","Kansas",1583,11479,1351006,0.85,1552107600000,"March 9th, 2019","04000US20","Kansas"
"2019-03-09","2019-03-02","04000US26","Michigan",5927,82469,4268378,1.93,1552107600000,"March 9th, 2019","04000US26","Michigan"
"2019-03-02","2019-02-23","04000US08","Colorado",1719,22043,2588607,0.85,1551502800000,"March 2nd, 2019","04000US08","Colorado"
"2019-03-02","2019-02-23","04000US12","Florida",5675,36032,8445378,0.43,1551502800000,"March 2nd, 2019","04000US12","Florida"
"2019-03-02","2019-02-23","04000US13","Georgia",5781,26703,4290407,0.62,1551502800000,"March 2nd, 2019","04000US13","Georgia"
"2019-03-02","2019-02-23","04000US20","Kansas",1709,12141,1351006,0.9,1551502800000,"March 2nd, 2019","04000US20","Kansas"
"2019-03-02","2019-02-23","04000US26","Michigan",5485,78068,4268378,1.83,1551502800000,"March 2nd, 2019","04000US26","Michigan"
"2019-02-23","2019-02-16","04000US08","Colorado",1925,23469,2588607,0.91,1550898000000,"February 23rd, 2019","04000US08","Colorado"
"2019-02-23","2019-02-16","04000US12","Florida",5685,38228,8445378,0.45,1550898000000,"February 23rd, 2019","04000US12","Florida"
"2019-02-23","2019-02-16","04000US13","Georgia",5120,27208,4290407,0.63,1550898000000,"February 23rd, 2019","04000US13","Georgia"
"2019-02-23","2019-02-16","04000US20","Kansas",1803,11800,1351006,0.87,1550898000000,"February 23rd, 2019","04000US20","Kansas"
"2019-02-23","2019-02-16","04000US26","Michigan",6241,87042,4268378,2.04,1550898000000,"February 23rd, 2019","04000US26","Michigan"
"2019-02-16","2019-02-09","04000US08","Colorado",1813,22326,2588607,0.86,1550293200000,"February 16th, 2019","04000US08","Colorado"
"2019-02-16","2019-02-09","04000US12","Florida",6185,36628,8445378,0.43,1550293200000,"February 16th, 2019","04000US12","Florida"
"2019-02-16","2019-02-09","04000US13","Georgia",5711,26530,4290407,0.62,1550293200000,"February 16th, 2019","04000US13","Georgia"
"2019-02-16","2019-02-09","04000US20","Kansas",1610,12274,1351006,0.91,1550293200000,"February 16th, 2019","04000US20","Kansas"
"2019-02-16","2019-02-09","04000US26","Michigan",6400,81774,4268378,1.92,1550293200000,"February 16th, 2019","04000US26","Michigan"
"2019-02-09","2019-02-02","04000US08","Colorado",2210,23442,2588607,0.91,1549688400000,"February 9th, 2019","04000US08","Colorado"
"2019-02-09","2019-02-02","04000US12","Florida",7049,38218,8445378,0.45,1549688400000,"February 9th, 2019","04000US12","Florida"
"2019-02-09","2019-02-02","04000US13","Georgia",5575,27142,4290407,0.63,1549688400000,"February 9th, 2019","04000US13","Georgia"
"2019-02-09","2019-02-02","04000US20","Kansas",1766,12281,1351006,0.91,1549688400000,"February 9th, 2019","04000US20","Kansas"
"2019-02-09","2019-02-02","04000US26","Michigan",10373,88223,4268378,2.07,1549688400000,"February 9th, 2019","04000US26","Michigan"
"2019-02-02","2019-01-26","04000US08","Colorado",2275,22589,2588607,0.87,1549083600000,"February 2nd, 2019","04000US08","Colorado"
"2019-02-02","2019-01-26","04000US12","Florida",7510,37502,8445378,0.44,1549083600000,"February 2nd, 2019","04000US12","Florida"
"2019-02-02","2019-01-26","04000US13","Georgia",5483,27875,4290407,0.65,1549083600000,"February 2nd, 2019","04000US13","Georgia"
"2019-02-02","2019-01-26","04000US20","Kansas",1917,12743,1351006,0.94,1549083600000,"February 2nd, 2019","04000US20","Kansas"
"2019-02-02","2019-01-26","04000US26","Michigan",9017,77171,4268378,1.81,1549083600000,"February 2nd, 2019","04000US26","Michigan"
"2019-01-26","2019-01-19","04000US08","Colorado",2409,23144,2588607,0.89,1548478800000,"January 26th, 2019","04000US08","Colorado"
"2019-01-26","2019-01-19","04000US12","Florida",8226,39817,8445378,0.47,1548478800000,"January 26th, 2019","04000US12","Florida"
"2019-01-26","2019-01-19","04000US13","Georgia",5529,28292,4290407,0.66,1548478800000,"January 26th, 2019","04000US13","Georgia"
"2019-01-26","2019-01-19","04000US20","Kansas",2501,12051,1351006,0.89,1548478800000,"January 26th, 2019","04000US20","Kansas"
"2019-01-26","2019-01-19","04000US26","Michigan",8855,89907,4268378,2.11,1548478800000,"January 26th, 2019","04000US26","Michigan"
"2019-01-19","2019-01-12","04000US08","Colorado",2701,21748,2588607,0.84,1547874000000,"January 19th, 2019","04000US08","Colorado"
"2019-01-19","2019-01-12","04000US12","Florida",9152,38589,8445378,0.46,1547874000000,"January 19th, 2019","04000US12","Florida"
"2019-01-19","2019-01-12","04000US13","Georgia",7402,29355,4290407,0.68,1547874000000,"January 19th, 2019","04000US13","Georgia"
"2019-01-19","2019-01-12","04000US20","Kansas",2795,10975,1351006,0.81,1547874000000,"January 19th, 2019","04000US20","Kansas"
"2019-01-19","2019-01-12","04000US26","Michigan",9655,82324,4268378,1.93,1547874000000,"January 19th, 2019","04000US26","Michigan"
"2019-01-12","2019-01-05","04000US08","Colorado",3077,21215,2588607,0.82,1547269200000,"January 12th, 2019","04000US08","Colorado"
"2019-01-12","2019-01-05","04000US12","Florida",10113,39523,8445378,0.47,1547269200000,"January 12th, 2019","04000US12","Florida"
"2019-01-12","2019-01-05","04000US13","Georgia",13145,38060,4290407,0.89,1547269200000,"January 12th, 2019","04000US13","Georgia"
"2019-01-12","2019-01-05","04000US20","Kansas",2165,11583,1351006,0.86,1547269200000,"January 12th, 2019","04000US20","Kansas"
"2019-01-12","2019-01-05","04000US26","Michigan",16109,87582,4268378,2.05,1547269200000,"January 12th, 2019","04000US26","Michigan"
"2019-01-05","2018-12-29","04000US08","Colorado",2710,21864,2571804,0.85,1546664400000,"January 5th, 2019","04000US08","Colorado"
"2019-01-05","2018-12-29","04000US12","Florida",7343,37091,8401478,0.44,1546664400000,"January 5th, 2019","04000US12","Florida"
"2019-01-05","2018-12-29","04000US13","Georgia",17800,38700,4271277,0.91,1546664400000,"January 5th, 2019","04000US13","Georgia"
"2019-01-05","2018-12-29","04000US20","Kansas",2185,11601,1347587,0.86,1546664400000,"January 5th, 2019","04000US20","Kansas"
"2019-01-05","2018-12-29","04000US26","Michigan",15380,70485,4256044,1.66,1546664400000,"January 5th, 2019","04000US26","Michigan"
"2018-12-29","2018-12-22","04000US08","Colorado",2014,18847,2571804,0.73,1546059600000,"December 29th, 2018","04000US08","Colorado"
"2018-12-29","2018-12-22","04000US12","Florida",5216,38469,8401478,0.46,1546059600000,"December 29th, 2018","04000US12","Florida"
"2018-12-29","2018-12-22","04000US13","Georgia",7002,26538,4271277,0.62,1546059600000,"December 29th, 2018","04000US13","Georgia"
"2018-12-29","2018-12-22","04000US20","Kansas",2779,9198,1347587,0.68,1546059600000,"December 29th, 2018","04000US20","Kansas"
"2018-12-29","2018-12-22","04000US26","Michigan",20210,63302,4256044,1.49,1546059600000,"December 29th, 2018","04000US26","Michigan"
"2018-12-22","2018-12-15","04000US08","Colorado",2430,20163,2571804,0.78,1545454800000,"December 22nd, 2018","04000US08","Colorado"
"2018-12-22","2018-12-15","04000US12","Florida",6531,37335,8401478,0.44,1545454800000,"December 22nd, 2018","04000US12","Florida"
"2018-12-22","2018-12-15","04000US13","Georgia",6098,25146,4271277,0.59,1545454800000,"December 22nd, 2018","04000US13","Georgia"
"2018-12-22","2018-12-15","04000US20","Kansas",2288,9056,1347587,0.67,1545454800000,"December 22nd, 2018","04000US20","Kansas"
"2018-12-22","2018-12-15","04000US26","Michigan",12213,57014,4256044,1.34,1545454800000,"December 22nd, 2018","04000US26","Michigan"
"2018-12-15","2018-12-08","04000US08","Colorado",2293,18371,2571804,0.71,1544850000000,"December 15th, 2018","04000US08","Colorado"
"2018-12-15","2018-12-08","04000US12","Florida",6993,40751,8401478,0.49,1544850000000,"December 15th, 2018","04000US12","Florida"
"2018-12-15","2018-12-08","04000US13","Georgia",5363,24086,4271277,0.56,1544850000000,"December 15th, 2018","04000US13","Georgia"
"2018-12-15","2018-12-08","04000US20","Kansas",1894,9063,1347587,0.67,1544850000000,"December 15th, 2018","04000US20","Kansas"
"2018-12-15","2018-12-08","04000US26","Michigan",13059,59407,4256044,1.4,1544850000000,"December 15th, 2018","04000US26","Michigan"
"2018-12-08","2018-12-01","04000US08","Colorado",2711,19188,2571804,0.75,1544245200000,"December 8th, 2018","04000US08","Colorado"
"2018-12-08","2018-12-01","04000US12","Florida",7072,36573,8401478,0.44,1544245200000,"December 8th, 2018","04000US12","Florida"
"2018-12-08","2018-12-01","04000US13","Georgia",5969,24163,4271277,0.57,1544245200000,"December 8th, 2018","04000US13","Georgia"
"2018-12-08","2018-12-01","04000US20","Kansas",2126,8831,1347587,0.66,1544245200000,"December 8th, 2018","04000US20","Kansas"
"2018-12-08","2018-12-01","04000US26","Michigan",11332,46999,4256044,1.1,1544245200000,"December 8th, 2018","04000US26","Michigan"
"2018-12-01","2018-11-24","04000US08","Colorado",2272,18652,2571804,0.73,1543640400000,"December 1st, 2018","04000US08","Colorado"
"2018-12-01","2018-11-24","04000US12","Florida",7126,43042,8401478,0.51,1543640400000,"December 1st, 2018","04000US12","Florida"
"2018-12-01","2018-11-24","04000US13","Georgia",9728,29263,4271277,0.69,1543640400000,"December 1st, 2018","04000US13","Georgia"
"2018-12-01","2018-11-24","04000US20","Kansas",2647,8483,1347587,0.63,1543640400000,"December 1st, 2018","04000US20","Kansas"
"2018-12-01","2018-11-24","04000US26","Michigan",11611,47275,4256044,1.11,1543640400000,"December 1st, 2018","04000US26","Michigan"
"2018-11-24","2018-11-17","04000US08","Colorado",1883,17725,2571804,0.69,1543035600000,"November 24th, 2018","04000US08","Colorado"
"2018-11-24","2018-11-17","04000US12","Florida",4817,34283,8401478,0.41,1543035600000,"November 24th, 2018","04000US12","Florida"
"2018-11-24","2018-11-17","04000US13","Georgia",5062,21990,4271277,0.51,1543035600000,"November 24th, 2018","04000US13","Georgia"
"2018-11-24","2018-11-17","04000US20","Kansas",1562,7549,1347587,0.56,1543035600000,"November 24th, 2018","04000US20","Kansas"
"2018-11-24","2018-11-17","04000US26","Michigan",7392,38012,4256044,0.89,1543035600000,"November 24th, 2018","04000US26","Michigan"
"2018-11-17","2018-11-10","04000US08","Colorado",2228,17188,2571804,0.67,1542430800000,"November 17th, 2018","04000US08","Colorado"
"2018-11-17","2018-11-10","04000US12","Florida",6898,41264,8401478,0.49,1542430800000,"November 17th, 2018","04000US12","Florida"
"2018-11-17","2018-11-10","04000US13","Georgia",6741,25101,4271277,0.59,1542430800000,"November 17th, 2018","04000US13","Georgia"
"2018-11-17","2018-11-10","04000US20","Kansas",1735,7623,1347587,0.57,1542430800000,"November 17th, 2018","04000US20","Kansas"
"2018-11-17","2018-11-10","04000US26","Michigan",7869,44082,4256044,1.04,1542430800000,"November 17th, 2018","04000US26","Michigan"
"2018-11-10","2018-11-03","04000US08","Colorado",2230,17489,2571804,0.68,1541826000000,"November 10th, 2018","04000US08","Colorado"
"2018-11-10","2018-11-03","04000US12","Florida",7784,39259,8401478,0.47,1541826000000,"November 10th, 2018","04000US12","Florida"
"2018-11-10","2018-11-03","04000US13","Georgia",6375,24033,4271277,0.56,1541826000000,"November 10th, 2018","04000US13","Georgia"
"2018-11-10","2018-11-03","04000US20","Kansas",1815,7312,1347587,0.54,1541826000000,"November 10th, 2018","04000US20","Kansas"
"2018-11-10","2018-11-03","04000US26","Michigan",7545,39917,4256044,0.94,1541826000000,"November 10th, 2018","04000US26","Michigan"
"2018-11-03","2018-10-27","04000US08","Colorado",1930,16808,2571804,0.65,1541217600000,"November 3rd, 2018","04000US08","Colorado"
"2018-11-03","2018-10-27","04000US12","Florida",7771,40238,8401478,0.48,1541217600000,"November 3rd, 2018","04000US12","Florida"
"2018-11-03","2018-10-27","04000US13","Georgia",5317,23304,4271277,0.55,1541217600000,"November 3rd, 2018","04000US13","Georgia"
"2018-11-03","2018-10-27","04000US20","Kansas",1368,7169,1347587,0.53,1541217600000,"November 3rd, 2018","04000US20","Kansas"
"2018-11-03","2018-10-27","04000US26","Michigan",11040,38068,4256044,0.89,1541217600000,"November 3rd, 2018","04000US26","Michigan"
"2018-10-27","2018-10-20","04000US08","Colorado",1873,17294,2571804,0.67,1540612800000,"October 27th, 2018","04000US08","Colorado"
"2018-10-27","2018-10-20","04000US12","Florida",8987,35879,8401478,0.43,1540612800000,"October 27th, 2018","04000US12","Florida"
"2018-10-27","2018-10-20","04000US13","Georgia",5697,24227,4271277,0.57,1540612800000,"October 27th, 2018","04000US13","Georgia"
"2018-10-27","2018-10-20","04000US20","Kansas",1269,7312,1347587,0.54,1540612800000,"October 27th, 2018","04000US20","Kansas"
"2018-10-27","2018-10-20","04000US26","Michigan",6187,34761,4256044,0.82,1540612800000,"October 27th, 2018","04000US26","Michigan"
"2018-10-20","2018-10-13","04000US08","Colorado",1963,16354,2571804,0.64,1540008000000,"October 20th, 2018","04000US08","Colorado"
"2018-10-20","2018-10-13","04000US12","Florida",10672,37256,8401478,0.44,1540008000000,"October 20th, 2018","04000US12","Florida"
"2018-10-20","2018-10-13","04000US13","Georgia",8146,25459,4271277,0.6,1540008000000,"October 20th, 2018","04000US13","Georgia"
"2018-10-20","2018-10-13","04000US20","Kansas",1380,7767,1347587,0.58,1540008000000,"October 20th, 2018","04000US20","Kansas"
"2018-10-20","2018-10-13","04000US26","Michigan",4970,36263,4256044,0.85,1540008000000,"October 20th, 2018","04000US26","Michigan"
"2018-10-13","2018-10-06","04000US08","Colorado",2206,16284,2571804,0.63,1539403200000,"October 13th, 2018","04000US08","Colorado"
"2018-10-13","2018-10-06","04000US12","Florida",6685,36601,8401478,0.44,1539403200000,"October 13th, 2018","04000US12","Florida"
"2018-10-13","2018-10-06","04000US13","Georgia",4478,23341,4271277,0.55,1539403200000,"October 13th, 2018","04000US13","Georgia"
"2018-10-13","2018-10-06","04000US20","Kansas",1862,7069,1347587,0.52,1539403200000,"October 13th, 2018","04000US20","Kansas"
"2018-10-13","2018-10-06","04000US26","Michigan",4726,34545,4256044,0.81,1539403200000,"October 13th, 2018","04000US26","Michigan"
"2018-10-06","2018-09-29","04000US08","Colorado",1944,16474,2555075,0.64,1538798400000,"October 6th, 2018","04000US08","Colorado"
"2018-10-06","2018-09-29","04000US12","Florida",7066,37586,8351842,0.45,1538798400000,"October 6th, 2018","04000US12","Florida"
"2018-10-06","2018-09-29","04000US13","Georgia",5328,24101,4248833,0.57,1538798400000,"October 6th, 2018","04000US13","Georgia"
"2018-10-06","2018-09-29","04000US20","Kansas",1273,7105,1346180,0.53,1538798400000,"October 6th, 2018","04000US20","Kansas"
"2018-10-06","2018-09-29","04000US26","Michigan",6850,37948,4243808,0.89,1538798400000,"October 6th, 2018","04000US26","Michigan"
"2018-09-29","2018-09-22","04000US08","Colorado",1514,16617,2555075,0.65,1538193600000,"September 29th, 2018","04000US08","Colorado"
"2018-09-29","2018-09-22","04000US12","Florida",5707,39560,8351842,0.47,1538193600000,"September 29th, 2018","04000US12","Florida"
"2018-09-29","2018-09-22","04000US13","Georgia",4327,23162,4248833,0.55,1538193600000,"September 29th, 2018","04000US13","Georgia"
"2018-09-29","2018-09-22","04000US20","Kansas",1140,7409,1346180,0.55,1538193600000,"September 29th, 2018","04000US20","Kansas"
"2018-09-29","2018-09-22","04000US26","Michigan",4521,34194,4243808,0.81,1538193600000,"September 29th, 2018","04000US26","Michigan"
"2018-09-22","2018-09-15","04000US08","Colorado",1605,16630,2555075,0.65,1537588800000,"September 22nd, 2018","04000US08","Colorado"
"2018-09-22","2018-09-15","04000US12","Florida",5901,39812,8351842,0.48,1537588800000,"September 22nd, 2018","04000US12","Florida"
"2018-09-22","2018-09-15","04000US13","Georgia",4417,23535,4248833,0.55,1537588800000,"September 22nd, 2018","04000US13","Georgia"
"2018-09-22","2018-09-15","04000US20","Kansas",1215,7545,1346180,0.56,1537588800000,"September 22nd, 2018","04000US20","Kansas"
"2018-09-22","2018-09-15","04000US26","Michigan",4538,36047,4243808,0.85,1537588800000,"September 22nd, 2018","04000US26","Michigan"
"2018-09-15","2018-09-08","04000US08","Colorado",1545,16880,2555075,0.66,1536984000000,"September 15th, 2018","04000US08","Colorado"
"2018-09-15","2018-09-08","04000US12","Florida",6108,41057,8351842,0.49,1536984000000,"September 15th, 2018","04000US12","Florida"
"2018-09-15","2018-09-08","04000US13","Georgia",5602,24963,4248833,0.59,1536984000000,"September 15th, 2018","04000US13","Georgia"
"2018-09-15","2018-09-08","04000US20","Kansas",1228,8188,1346180,0.61,1536984000000,"September 15th, 2018","04000US20","Kansas"
"2018-09-15","2018-09-08","04000US26","Michigan",4161,34871,4243808,0.82,1536984000000,"September 15th, 2018","04000US26","Michigan"
"2018-09-08","2018-09-01","04000US08","Colorado",1550,16918,2555075,0.66,1536379200000,"September 8th, 2018","04000US08","Colorado"
"2018-09-08","2018-09-01","04000US12","Florida",5764,41212,8351842,0.49,1536379200000,"September 8th, 2018","04000US12","Florida"
"2018-09-08","2018-09-01","04000US13","Georgia",4007,24256,4248833,0.57,1536379200000,"September 8th, 2018","04000US13","Georgia"
"2018-09-08","2018-09-01","04000US20","Kansas",1807,7508,1346180,0.56,1536379200000,"September 8th, 2018","04000US20","Kansas"
"2018-09-08","2018-09-01","04000US26","Michigan",4477,37181,4243808,0.88,1536379200000,"September 8th, 2018","04000US26","Michigan"
"2018-09-01","2018-08-25","04000US08","Colorado",1529,17263,2555075,0.68,1535774400000,"September 1st, 2018","04000US08","Colorado"
"2018-09-01","2018-08-25","04000US12","Florida",5851,43042,8351842,0.52,1535774400000,"September 1st, 2018","04000US12","Florida"
"2018-09-01","2018-08-25","04000US13","Georgia",4270,24533,4248833,0.58,1535774400000,"September 1st, 2018","04000US13","Georgia"
"2018-09-01","2018-08-25","04000US20","Kansas",1234,7882,1346180,0.59,1535774400000,"September 1st, 2018","04000US20","Kansas"
"2018-09-01","2018-08-25","04000US26","Michigan",4079,38632,4243808,0.91,1535774400000,"September 1st, 2018","04000US26","Michigan"
"2018-08-25","2018-08-18","04000US08","Colorado",1557,17559,2555075,0.69,1535169600000,"August 25th, 2018","04000US08","Colorado"
"2018-08-25","2018-08-18","04000US12","Florida",6519,43629,8351842,0.52,1535169600000,"August 25th, 2018","04000US12","Florida"
"2018-08-25","2018-08-18","04000US13","Georgia",4181,25160,4248833,0.59,1535169600000,"August 25th, 2018","04000US13","Georgia"
"2018-08-25","2018-08-18","04000US20","Kansas",1338,8129,1346180,0.6,1535169600000,"August 25th, 2018","04000US20","Kansas"
"2018-08-25","2018-08-18","04000US26","Michigan",5494,42925,4243808,1.01,1535169600000,"August 25th, 2018","04000US26","Michigan"
"2018-08-18","2018-08-11","04000US08","Colorado",1555,18070,2555075,0.71,1534564800000,"August 18th, 2018","04000US08","Colorado"
"2018-08-18","2018-08-11","04000US12","Florida",6463,46735,8351842,0.56,1534564800000,"August 18th, 2018","04000US12","Florida"
"2018-08-18","2018-08-11","04000US13","Georgia",4713,25360,4248833,0.6,1534564800000,"August 18th, 2018","04000US13","Georgia"
"2018-08-18","2018-08-11","04000US20","Kansas",1327,8344,1346180,0.62,1534564800000,"August 18th, 2018","04000US20","Kansas"
"2018-08-18","2018-08-11","04000US26","Michigan",4567,39790,4243808,0.94,1534564800000,"August 18th, 2018","04000US26","Michigan"
"2018-08-11","2018-08-04","04000US08","Colorado",1494,18494,2555075,0.72,1533960000000,"August 11th, 2018","04000US08","Colorado"
"2018-08-11","2018-08-04","04000US12","Florida",6830,45324,8351842,0.54,1533960000000,"August 11th, 2018","04000US12","Florida"
"2018-08-11","2018-08-04","04000US13","Georgia",5663,27042,4248833,0.64,1533960000000,"August 11th, 2018","04000US13","Georgia"
"2018-08-11","2018-08-04","04000US20","Kansas",1292,8711,1346180,0.65,1533960000000,"August 11th, 2018","04000US20","Kansas"
"2018-08-11","2018-08-04","04000US26","Michigan",5078,43486,4243808,1.02,1533960000000,"August 11th, 2018","04000US26","Michigan"
"2018-08-04","2018-07-28","04000US08","Colorado",1560,18975,2555075,0.74,1533355200000,"August 4th, 2018","04000US08","Colorado"
"2018-08-04","2018-07-28","04000US12","Florida",6880,47496,8351842,0.57,1533355200000,"August 4th, 2018","04000US12","Florida"
"2018-08-04","2018-07-28","04000US13","Georgia",4714,26409,4248833,0.62,1533355200000,"August 4th, 2018","04000US13","Georgia"
"2018-08-04","2018-07-28","04000US20","Kansas",1395,9086,1346180,0.67,1533355200000,"August 4th, 2018","04000US20","Kansas"
"2018-08-04","2018-07-28","04000US26","Michigan",4768,52025,4243808,1.23,1533355200000,"August 4th, 2018","04000US26","Michigan"
"2018-07-28","2018-07-21","04000US08","Colorado",1611,18921,2555075,0.74,1532750400000,"July 28th, 2018","04000US08","Colorado"
"2018-07-28","2018-07-21","04000US12","Florida",6705,45655,8351842,0.55,1532750400000,"July 28th, 2018","04000US12","Florida"
"2018-07-28","2018-07-21","04000US13","Georgia",4766,27448,4248833,0.65,1532750400000,"July 28th, 2018","04000US13","Georgia"
"2018-07-28","2018-07-21","04000US20","Kansas",1404,9012,1346180,0.67,1532750400000,"July 28th, 2018","04000US20","Kansas"
"2018-07-28","2018-07-21","04000US26","Michigan",4845,46438,4243808,1.09,1532750400000,"July 28th, 2018","04000US26","Michigan"
"2018-07-21","2018-07-14","04000US08","Colorado",1606,19331,2555075,0.76,1532145600000,"July 21st, 2018","04000US08","Colorado"
"2018-07-21","2018-07-14","04000US12","Florida",7519,47755,8351842,0.57,1532145600000,"July 21st, 2018","04000US12","Florida"
"2018-07-21","2018-07-14","04000US13","Georgia",6364,28305,4248833,0.67,1532145600000,"July 21st, 2018","04000US13","Georgia"
"2018-07-21","2018-07-14","04000US20","Kansas",1739,8890,1346180,0.66,1532145600000,"July 21st, 2018","04000US20","Kansas"
"2018-07-21","2018-07-14","04000US26","Michigan",10842,56582,4243808,1.33,1532145600000,"July 21st, 2018","04000US26","Michigan"
"2018-07-14","2018-07-07","04000US08","Colorado",1690,19165,2555075,0.75,1531540800000,"July 14th, 2018","04000US08","Colorado"
"2018-07-14","2018-07-07","04000US12","Florida",7939,44588,8351842,0.53,1531540800000,"July 14th, 2018","04000US12","Florida"
"2018-07-14","2018-07-07","04000US13","Georgia",10096,32731,4248833,0.77,1531540800000,"July 14th, 2018","04000US13","Georgia"
"2018-07-14","2018-07-07","04000US20","Kansas",1438,9151,1346180,0.68,1531540800000,"July 14th, 2018","04000US20","Kansas"
"2018-07-14","2018-07-07","04000US26","Michigan",7139,41703,4243808,0.98,1531540800000,"July 14th, 2018","04000US26","Michigan"
"2018-07-07","2018-06-30","04000US08","Colorado",1764,18440,2539516,0.73,1530936000000,"July 7th, 2018","04000US08","Colorado"
"2018-07-07","2018-06-30","04000US12","Florida",8360,42699,8249914,0.52,1530936000000,"July 7th, 2018","04000US12","Florida"
"2018-07-07","2018-06-30","04000US13","Georgia",6078,27367,4227826,0.65,1530936000000,"July 7th, 2018","04000US13","Georgia"
"2018-07-07","2018-06-30","04000US20","Kansas",1494,8603,1345119,0.64,1530936000000,"July 7th, 2018","04000US20","Kansas"
"2018-07-07","2018-06-30","04000US26","Michigan",16402,39419,4234697,0.93,1530936000000,"July 7th, 2018","04000US26","Michigan"
"2018-06-30","2018-06-23","04000US08","Colorado",1653,19536,2539516,0.77,1530331200000,"June 30th, 2018","04000US08","Colorado"
"2018-06-30","2018-06-23","04000US12","Florida",7280,43283,8249914,0.52,1530331200000,"June 30th, 2018","04000US12","Florida"
"2018-06-30","2018-06-23","04000US13","Georgia",5223,26544,4227826,0.63,1530331200000,"June 30th, 2018","04000US13","Georgia"
"2018-06-30","2018-06-23","04000US20","Kansas",1471,8902,1345119,0.66,1530331200000,"June 30th, 2018","04000US20","Kansas"
"2018-06-30","2018-06-23","04000US26","Michigan",7128,39804,4234697,0.94,1530331200000,"June 30th, 2018","04000US26","Michigan"
"2018-06-23","2018-06-16","04000US08","Colorado",1612,19050,2539516,0.75,1529726400000,"June 23rd, 2018","04000US08","Colorado"
"2018-06-23","2018-06-16","04000US12","Florida",7370,43787,8249914,0.53,1529726400000,"June 23rd, 2018","04000US12","Florida"
"2018-06-23","2018-06-16","04000US13","Georgia",4664,26071,4227826,0.62,1529726400000,"June 23rd, 2018","04000US13","Georgia"
"2018-06-23","2018-06-16","04000US20","Kansas",1478,8889,1345119,0.66,1529726400000,"June 23rd, 2018","04000US20","Kansas"
"2018-06-23","2018-06-16","04000US26","Michigan",5635,35247,4234697,0.83,1529726400000,"June 23rd, 2018","04000US26","Michigan"
"2018-06-16","2018-06-09","04000US08","Colorado",1745,19623,2539516,0.77,1529121600000,"June 16th, 2018","04000US08","Colorado"
"2018-06-16","2018-06-09","04000US12","Florida",7761,39636,8249914,0.48,1529121600000,"June 16th, 2018","04000US12","Florida"
"2018-06-16","2018-06-09","04000US13","Georgia",4760,26239,4227826,0.62,1529121600000,"June 16th, 2018","04000US13","Georgia"
"2018-06-16","2018-06-09","04000US20","Kansas",1484,8653,1345119,0.64,1529121600000,"June 16th, 2018","04000US20","Kansas"
"2018-06-16","2018-06-09","04000US26","Michigan",4410,38122,4234697,0.9,1529121600000,"June 16th, 2018","04000US26","Michigan"
"2018-06-09","2018-06-02","04000US08","Colorado",1926,18811,2539516,0.74,1528516800000,"June 9th, 2018","04000US08","Colorado"
"2018-06-09","2018-06-02","04000US12","Florida",9538,38595,8249914,0.47,1528516800000,"June 9th, 2018","04000US12","Florida"
"2018-06-09","2018-06-02","04000US13","Georgia",6323,27022,4227826,0.64,1528516800000,"June 9th, 2018","04000US13","Georgia"
"2018-06-09","2018-06-02","04000US20","Kansas",1610,8748,1345119,0.65,1528516800000,"June 9th, 2018","04000US20","Kansas"
"2018-06-09","2018-06-02","04000US26","Michigan",4301,35942,4234697,0.85,1528516800000,"June 9th, 2018","04000US26","Michigan"
"2018-06-02","2018-05-26","04000US08","Colorado",1904,19781,2539516,0.78,1527912000000,"June 2nd, 2018","04000US08","Colorado"
"2018-06-02","2018-05-26","04000US12","Florida",6996,38155,8249914,0.46,1527912000000,"June 2nd, 2018","04000US12","Florida"
"2018-06-02","2018-05-26","04000US13","Georgia",4835,25774,4227826,0.61,1527912000000,"June 2nd, 2018","04000US13","Georgia"
"2018-06-02","2018-05-26","04000US20","Kansas",1549,8427,1345119,0.63,1527912000000,"June 2nd, 2018","04000US20","Kansas"
"2018-06-02","2018-05-26","04000US26","Michigan",4106,43853,4234697,1.04,1527912000000,"June 2nd, 2018","04000US26","Michigan"
"2018-05-26","2018-05-19","04000US08","Colorado",1857,19037,2539516,0.75,1527307200000,"May 26th, 2018","04000US08","Colorado"
"2018-05-26","2018-05-19","04000US12","Florida",7080,37298,8249914,0.45,1527307200000,"May 26th, 2018","04000US12","Florida"
"2018-05-26","2018-05-19","04000US13","Georgia",5233,25410,4227826,0.6,1527307200000,"May 26th, 2018","04000US13","Georgia"
"2018-05-26","2018-05-19","04000US20","Kansas",1722,8380,1345119,0.62,1527307200000,"May 26th, 2018","04000US20","Kansas"
"2018-05-26","2018-05-19","04000US26","Michigan",7744,41543,4234697,0.98,1527307200000,"May 26th, 2018","04000US26","Michigan"
"2018-05-19","2018-05-12","04000US08","Colorado",1771,20475,2539516,0.81,1526702400000,"May 19th, 2018","04000US08","Colorado"
"2018-05-19","2018-05-12","04000US12","Florida",6840,37581,8249914,0.46,1526702400000,"May 19th, 2018","04000US12","Florida"
"2018-05-19","2018-05-12","04000US13","Georgia",4847,25316,4227826,0.6,1526702400000,"May 19th, 2018","04000US13","Georgia"
"2018-05-19","2018-05-12","04000US20","Kansas",1752,8231,1345119,0.61,1526702400000,"May 19th, 2018","04000US20","Kansas"
"2018-05-19","2018-05-12","04000US26","Michigan",6721,40977,4234697,0.97,1526702400000,"May 19th, 2018","04000US26","Michigan"
"2018-05-12","2018-05-05","04000US08","Colorado",1776,19649,2539516,0.77,1526097600000,"May 12th, 2018","04000US08","Colorado"
"2018-05-12","2018-05-05","04000US12","Florida",6977,36826,8249914,0.45,1526097600000,"May 12th, 2018","04000US12","Florida"
"2018-05-12","2018-05-05","04000US13","Georgia",4748,25056,4227826,0.59,1526097600000,"May 12th, 2018","04000US13","Georgia"
"2018-05-12","2018-05-05","04000US20","Kansas",1488,8369,1345119,0.62,1526097600000,"May 12th, 2018","04000US20","Kansas"
"2018-05-12","2018-05-05","04000US26","Michigan",5026,41835,4234697,0.99,1526097600000,"May 12th, 2018","04000US26","Michigan"
"2018-05-05","2018-04-28","04000US08","Colorado",1899,21380,2539516,0.84,1525492800000,"May 5th, 2018","04000US08","Colorado"
"2018-05-05","2018-04-28","04000US12","Florida",6695,37415,8249914,0.45,1525492800000,"May 5th, 2018","04000US12","Florida"
"2018-05-05","2018-04-28","04000US13","Georgia",5089,25330,4227826,0.6,1525492800000,"May 5th, 2018","04000US13","Georgia"
"2018-05-05","2018-04-28","04000US20","Kansas",1467,8609,1345119,0.64,1525492800000,"May 5th, 2018","04000US20","Kansas"
"2018-05-05","2018-04-28","04000US26","Michigan",4366,47303,4234697,1.12,1525492800000,"May 5th, 2018","04000US26","Michigan"
"2018-04-28","2018-04-21","04000US08","Colorado",1755,19891,2539516,0.78,1524888000000,"April 28th, 2018","04000US08","Colorado"
"2018-04-28","2018-04-21","04000US12","Florida",6302,37030,8249914,0.45,1524888000000,"April 28th, 2018","04000US12","Florida"
"2018-04-28","2018-04-21","04000US13","Georgia",4124,24998,4227826,0.59,1524888000000,"April 28th, 2018","04000US13","Georgia"
"2018-04-28","2018-04-21","04000US20","Kansas",1430,8610,1345119,0.64,1524888000000,"April 28th, 2018","04000US20","Kansas"
"2018-04-28","2018-04-21","04000US26","Michigan",4135,53620,4234297,1.27,1524888000000,"April 28th, 2018","04000US26","Michigan"
"2018-04-21","2018-04-14","04000US08","Colorado",2324,21339,2539516,0.84,1524283200000,"April 21st, 2018","04000US08","Colorado"
"2018-04-21","2018-04-14","04000US12","Florida",6381,38737,8249914,0.47,1524283200000,"April 21st, 2018","04000US12","Florida"
"2018-04-21","2018-04-14","04000US13","Georgia",4804,25378,4227826,0.6,1524283200000,"April 21st, 2018","04000US13","Georgia"
"2018-04-21","2018-04-14","04000US20","Kansas",1413,8955,1345119,0.67,1524283200000,"April 21st, 2018","04000US20","Kansas"
"2018-04-21","2018-04-14","04000US26","Michigan",4826,60096,4234697,1.42,1524283200000,"April 21st, 2018","04000US26","Michigan"
"2018-04-14","2018-04-07","04000US08","Colorado",2191,20209,2539516,0.8,1523678400000,"April 14th, 2018","04000US08","Colorado"
"2018-04-14","2018-04-07","04000US12","Florida",6524,36801,8249914,0.45,1523678400000,"April 14th, 2018","04000US12","Florida"
"2018-04-14","2018-04-07","04000US13","Georgia",5602,26674,4227826,0.63,1523678400000,"April 14th, 2018","04000US13","Georgia"
"2018-04-14","2018-04-07","04000US20","Kansas",1310,9740,1345119,0.72,1523678400000,"April 14th, 2018","04000US20","Kansas"
"2018-04-14","2018-04-07","04000US26","Michigan",4826,65077,4234697,1.54,1523678400000,"April 14th, 2018","04000US26","Michigan"
"2018-04-07","2018-03-31","04000US08","Colorado",2148,22361,2526852,0.88,1523073600000,"April 7th, 2018","04000US08","Colorado"
"2018-04-07","2018-03-31","04000US12","Florida",7595,38046,8231765,0.46,1523073600000,"April 7th, 2018","04000US12","Florida"
"2018-04-07","2018-03-31","04000US13","Georgia",5866,27693,4211074,0.66,1523073600000,"April 7th, 2018","04000US13","Georgia"
"2018-04-07","2018-03-31","04000US20","Kansas",1691,9895,1345022,0.74,1523073600000,"April 7th, 2018","04000US20","Kansas"
"2018-04-07","2018-03-31","04000US26","Michigan",5691,68517,4222916,1.62,1523073600000,"April 7th, 2018","04000US26","Michigan"
"2018-03-31","2018-03-24","04000US08","Colorado",1691,21472,2526852,0.85,1522468800000,"March 31st, 2018","04000US08","Colorado"
"2018-03-31","2018-03-24","04000US12","Florida",5677,38719,8231765,0.47,1522468800000,"March 31st, 2018","04000US12","Florida"
"2018-03-31","2018-03-24","04000US13","Georgia",5616,25373,4211074,0.6,1522468800000,"March 31st, 2018","04000US13","Georgia"
"2018-03-31","2018-03-24","04000US20","Kansas",1515,10593,1345022,0.79,1522468800000,"March 31st, 2018","04000US20","Kansas"
"2018-03-31","2018-03-24","04000US26","Michigan",6261,71182,4222916,1.69,1522468800000,"March 31st, 2018","04000US26","Michigan"
"2018-03-24","2018-03-17","04000US08","Colorado",1561,23805,2526852,0.94,1521864000000,"March 24th, 2018","04000US08","Colorado"
"2018-03-24","2018-03-17","04000US12","Florida",6318,39151,8231765,0.48,1521864000000,"March 24th, 2018","04000US12","Florida"
"2018-03-24","2018-03-17","04000US13","Georgia",4385,26210,4211074,0.62,1521864000000,"March 24th, 2018","04000US13","Georgia"
"2018-03-24","2018-03-17","04000US20","Kansas",1537,10885,1345022,0.81,1521864000000,"March 24th, 2018","04000US20","Kansas"
"2018-03-24","2018-03-17","04000US26","Michigan",4790,76355,4222916,1.81,1521864000000,"March 24th, 2018","04000US26","Michigan"
"2018-03-17","2018-03-10","04000US08","Colorado",1572,23035,2526852,0.91,1521259200000,"March 17th, 2018","04000US08","Colorado"
"2018-03-17","2018-03-10","04000US12","Florida",6478,38768,8231765,0.47,1521259200000,"March 17th, 2018","04000US12","Florida"
"2018-03-17","2018-03-10","04000US13","Georgia",4516,26750,4211074,0.64,1521259200000,"March 17th, 2018","04000US13","Georgia"
"2018-03-17","2018-03-10","04000US20","Kansas",1476,11316,1345022,0.84,1521259200000,"March 17th, 2018","04000US20","Kansas"
"2018-03-17","2018-03-10","04000US26","Michigan",4737,77674,4222916,1.84,1521259200000,"March 17th, 2018","04000US26","Michigan"
"2018-03-10","2018-03-03","04000US08","Colorado",1753,25616,2526852,1.01,1520658000000,"March 10th, 2018","04000US08","Colorado"
"2018-03-10","2018-03-03","04000US12","Florida",6892,40056,8231765,0.49,1520658000000,"March 10th, 2018","04000US12","Florida"
"2018-03-10","2018-03-03","04000US13","Georgia",5382,27939,4211074,0.66,1520658000000,"March 10th, 2018","04000US13","Georgia"
"2018-03-10","2018-03-03","04000US20","Kansas",1615,12039,1345022,0.9,1520658000000,"March 10th, 2018","04000US20","Kansas"
"2018-03-10","2018-03-03","04000US26","Michigan",5493,81729,4222916,1.94,1520658000000,"March 10th, 2018","04000US26","Michigan"
"2018-03-03","2018-02-24","04000US08","Colorado",1933,24049,2526852,0.95,1520053200000,"March 3rd, 2018","04000US08","Colorado"
"2018-03-03","2018-02-24","04000US12","Florida",5969,39366,8231765,0.48,1520053200000,"March 3rd, 2018","04000US12","Florida"
"2018-03-03","2018-02-24","04000US13","Georgia",4941,28075,4211074,0.67,1520053200000,"March 3rd, 2018","04000US13","Georgia"
"2018-03-03","2018-02-24","04000US20","Kansas",1657,13690,1345022,1.02,1520053200000,"March 3rd, 2018","04000US20","Kansas"
"2018-03-03","2018-02-24","04000US26","Michigan",5826,82494,4222916,1.95,1520053200000,"March 3rd, 2018","04000US26","Michigan"
"2018-02-24","2018-02-17","04000US08","Colorado",2020,26267,2526852,1.04,1519448400000,"February 24th, 2018","04000US08","Colorado"
"2018-02-24","2018-02-17","04000US12","Florida",6008,42384,8231765,0.51,1519448400000,"February 24th, 2018","04000US12","Florida"
"2018-02-24","2018-02-17","04000US13","Georgia",4887,28908,4211074,0.69,1519448400000,"February 24th, 2018","04000US13","Georgia"
"2018-02-24","2018-02-17","04000US20","Kansas",2120,12814,1345022,0.95,1519448400000,"February 24th, 2018","04000US20","Kansas"
"2018-02-24","2018-02-17","04000US26","Michigan",6463,88476,4222916,2.1,1519448400000,"February 24th, 2018","04000US26","Michigan"
"2018-02-17","2018-02-10","04000US08","Colorado",1870,24251,2526852,0.96,1518843600000,"February 17th, 2018","04000US08","Colorado"
"2018-02-17","2018-02-10","04000US12","Florida",6699,40746,8231765,0.49,1518843600000,"February 17th, 2018","04000US12","Florida"
"2018-02-17","2018-02-10","04000US13","Georgia",5739,29946,4211074,0.71,1518843600000,"February 17th, 2018","04000US13","Georgia"
"2018-02-17","2018-02-10","04000US20","Kansas",1696,13733,1345022,1.02,1518843600000,"February 17th, 2018","04000US20","Kansas"
"2018-02-17","2018-02-10","04000US26","Michigan",7597,86996,4222916,2.06,1518843600000,"February 17th, 2018","04000US26","Michigan"
"2018-02-10","2018-02-03","04000US08","Colorado",2126,26457,2526852,1.05,1518238800000,"February 10th, 2018","04000US08","Colorado"
"2018-02-10","2018-02-03","04000US12","Florida",7159,44402,8231765,0.54,1518238800000,"February 10th, 2018","04000US12","Florida"
"2018-02-10","2018-02-03","04000US13","Georgia",6173,30715,4211074,0.73,1518238800000,"February 10th, 2018","04000US13","Georgia"
"2018-02-10","2018-02-03","04000US20","Kansas",2126,13414,1345022,1,1518238800000,"February 10th, 2018","04000US20","Kansas"
"2018-02-10","2018-02-03","04000US26","Michigan",12417,91238,4222916,2.16,1518238800000,"February 10th, 2018","04000US26","Michigan"
"2018-02-03","2018-01-27","04000US08","Colorado",2268,23993,2526852,0.95,1517634000000,"February 3rd, 2018","04000US08","Colorado"
"2018-02-03","2018-01-27","04000US12","Florida",7632,42015,8231765,0.51,1517634000000,"February 3rd, 2018","04000US12","Florida"
"2018-02-03","2018-01-27","04000US13","Georgia",6141,30944,4211074,0.73,1517634000000,"February 3rd, 2018","04000US13","Georgia"
"2018-02-03","2018-01-27","04000US20","Kansas",1922,13870,1345022,1.03,1517634000000,"February 3rd, 2018","04000US20","Kansas"
"2018-02-03","2018-01-27","04000US26","Michigan",11852,86890,4222916,2.06,1517634000000,"February 3rd, 2018","04000US26","Michigan"
"2018-01-27","2018-01-20","04000US08","Colorado",2366,26082,2526852,1.03,1517029200000,"January 27th, 2018","04000US08","Colorado"
"2018-01-27","2018-01-20","04000US12","Florida",7627,45444,8231765,0.55,1517029200000,"January 27th, 2018","04000US12","Florida"
"2018-01-27","2018-01-20","04000US13","Georgia",7912,32673,4211074,0.78,1517029200000,"January 27th, 2018","04000US13","Georgia"
"2018-01-27","2018-01-20","04000US20","Kansas",1960,15905,1345022,1.18,1517029200000,"January 27th, 2018","04000US20","Kansas"
"2018-01-27","2018-01-20","04000US26","Michigan",12320,90351,4222916,2.14,1517029200000,"January 27th, 2018","04000US26","Michigan"
"2018-01-20","2018-01-13","04000US08","Colorado",2565,23846,2526852,0.94,1516424400000,"January 20th, 2018","04000US08","Colorado"
"2018-01-20","2018-01-13","04000US12","Florida",7315,42495,8231765,0.52,1516424400000,"January 20th, 2018","04000US12","Florida"
"2018-01-20","2018-01-13","04000US13","Georgia",4852,31607,4211074,0.75,1516424400000,"January 20th, 2018","04000US13","Georgia"
"2018-01-20","2018-01-13","04000US20","Kansas",2319,15232,1345022,1.13,1516424400000,"January 20th, 2018","04000US20","Kansas"
"2018-01-20","2018-01-13","04000US26","Michigan",14269,91278,4222916,2.16,1516424400000,"January 20th, 2018","04000US26","Michigan"
"2018-01-13","2018-01-06","04000US08","Colorado",3012,23868,2526852,0.94,1515819600000,"January 13th, 2018","04000US08","Colorado"
"2018-01-13","2018-01-06","04000US12","Florida",9001,44769,8231765,0.54,1515819600000,"January 13th, 2018","04000US12","Florida"
"2018-01-13","2018-01-06","04000US13","Georgia",11290,40703,4211074,0.97,1515819600000,"January 13th, 2018","04000US13","Georgia"
"2018-01-13","2018-01-06","04000US20","Kansas",3600,14628,1345022,1.09,1515819600000,"January 13th, 2018","04000US20","Kansas"
"2018-01-13","2018-01-06","04000US26","Michigan",15190,94758,4222916,2.24,1515819600000,"January 13th, 2018","04000US26","Michigan"
"2018-01-06","2017-12-30","04000US08","Colorado",3095,24572,2512397,0.98,1515214800000,"January 6th, 2018","04000US08","Colorado"
"2018-01-06","2017-12-30","04000US12","Florida",7974,42138,8231765,0.51,1515214800000,"January 6th, 2018","04000US12","Florida"
"2018-01-06","2017-12-30","04000US13","Georgia",19490,44619,4190963,1.06,1515214800000,"January 6th, 2018","04000US13","Georgia"
"2018-01-06","2017-12-30","04000US20","Kansas",3146,14574,1342223,1.09,1515214800000,"January 6th, 2018","04000US20","Kansas"
"2018-01-06","2017-12-30","04000US26","Michigan",19854,82735,4207925,1.97,1515214800000,"January 6th, 2018","04000US26","Michigan"