{"chunk_definitions":[{"row":28,"row_count":1,"visible":true,"expansion_state":0,"options":[],"document_id":null,"chunk_id":"cg4fa8lvgh6mx","chunk_label":"unnamed-chunk-1"},{"row":30,"row_count":1,"visible":true,"expansion_state":0,"options":{"engine":"r","label":"unnamed-chunk-3"},"document_id":"B6721102","chunk_id":"cdagf4pgezeg5","chunk_label":"unnamed-chunk-1"},{"row":50,"row_count":1,"visible":true,"expansion_state":0,"options":[],"document_id":null,"chunk_id":"c68vsvcisras0","chunk_label":"unnamed-chunk-2"},{"row":52,"row_count":1,"visible":true,"expansion_state":0,"options":{"engine":"r","label":"unnamed-chunk-4"},"document_id":"B6721102","chunk_id":"cdm7151oghufm","chunk_label":"unnamed-chunk-2"},{"row":61,"row_count":1,"visible":true,"expansion_state":0,"options":[],"document_id":null,"chunk_id":"cezu5xm61ukvt","chunk_label":"unnamed-chunk-3"},{"row":63,"row_count":1,"visible":true,"expansion_state":0,"options":{"engine":"r","label":"unnamed-chunk-5"},"document_id":"B6721102","chunk_id":"cny486ww29xff","chunk_label":"unnamed-chunk-3"},{"row":74,"row_count":1,"visible":true,"expansion_state":0,"options":[],"document_id":null,"chunk_id":"czc4366ksjhua","chunk_label":"unnamed-chunk-4"},{"row":76,"row_count":1,"visible":true,"expansion_state":0,"options":{"engine":"r","label":"unnamed-chunk-6"},"document_id":"B6721102","chunk_id":"cvax6hwv62k4f","chunk_label":"unnamed-chunk-4"},{"row":85,"row_count":1,"visible":true,"expansion_state":0,"options":[],"document_id":null,"chunk_id":"cr2u4dimqldi5","chunk_label":"unnamed-chunk-5"},{"row":87,"row_count":1,"visible":true,"expansion_state":0,"options":{"engine":"r","label":"unnamed-chunk-7"},"document_id":"B6721102","chunk_id":"crs9sc1fd23an","chunk_label":"unnamed-chunk-5"},{"row":98,"row_count":1,"visible":true,"expansion_state":0,"options":[],"document_id":null,"chunk_id":"cagofcvrezmb2","chunk_label":"unnamed-chunk-6"},{"row":100,"row_count":1,"visible":true,"expansion_state":0,"options":{"engine":"r","label":"unnamed-chunk-8"},"document_id":"B6721102","chunk_id":"cbomunbg62xe6","chunk_label":"unnamed-chunk-6"},{"row":119,"row_count":1,"visible":true,"expansion_state":0,"options":[],"document_id":null,"chunk_id":"cl0l8ahcjmeru","chunk_label":"unnamed-chunk-7"},{"row":121,"row_count":1,"visible":true,"expansion_state":0,"options":{"engine":"r","label":"unnamed-chunk-10"},"document_id":"B6721102","chunk_id":"chda0b3mu6sh5","chunk_label":"unnamed-chunk-7"},{"row":136,"row_count":1,"visible":true,"expansion_state":0,"options":[],"document_id":null,"chunk_id":"cjmja0n4kfsed","chunk_label":"unnamed-chunk-8"},{"row":138,"row_count":1,"visible":true,"expansion_state":0,"options":{"engine":"r","label":"unnamed-chunk-11"},"document_id":"B6721102","chunk_id":"cyyxi54gd0npg","chunk_label":"unnamed-chunk-8"},{"row":148,"row_count":1,"visible":true,"expansion_state":0,"options":[],"document_id":null,"chunk_id":"cs2qvih6cqesk","chunk_label":"unnamed-chunk-9"},{"row":150,"row_count":1,"visible":true,"expansion_state":0,"options":{"engine":"r","label":"unnamed-chunk-12"},"document_id":"B6721102","chunk_id":"c7o6fvdajt2xo","chunk_label":"unnamed-chunk-9"},{"row":165,"row_count":1,"visible":true,"expansion_state":0,"options":[],"document_id":null,"chunk_id":"cqgtdn5xt3na3","chunk_label":"unnamed-chunk-10"},{"row":167,"row_count":1,"visible":true,"expansion_state":0,"options":{"engine":"r","label":"unnamed-chunk-13"},"document_id":"B6721102","chunk_id":"ck1u5wo8mw4ia","chunk_label":"unnamed-chunk-10"},{"row":230,"row_count":1,"visible":true,"expansion_state":0,"options":[],"document_id":null,"chunk_id":"cty5kkuqrj4ly","chunk_label":"unnamed-chunk-11"},{"row":232,"row_count":1,"visible":true,"expansion_state":0,"options":{"engine":"r","label":"unnamed-chunk-14"},"document_id":"B6721102","chunk_id":"cz992q2ftawar","chunk_label":"unnamed-chunk-11"}],"doc_write_time":1607169670}