{"chunk_definitions":[{"row":17,"row_count":1,"visible":true,"expansion_state":0,"options":{"engine":"r","label":"unnamed-chunk-4"},"document_id":"E2E51FB6","chunk_id":"cu8505wqx4m8i","chunk_label":"unnamed-chunk-1"},{"row":45,"row_count":1,"visible":true,"expansion_state":0,"options":{"engine":"r","label":"unnamed-chunk-5"},"document_id":"E2E51FB6","chunk_id":"cccjxa4urj0b8","chunk_label":"unnamed-chunk-2"},{"row":68,"row_count":1,"visible":true,"expansion_state":0,"options":{"engine":"r","label":"unnamed-chunk-6"},"document_id":"E2E51FB6","chunk_id":"cahpyeob1s9nv","chunk_label":"unnamed-chunk-3"},{"row":85,"row_count":1,"visible":true,"expansion_state":0,"options":{"engine":"r","label":"unnamed-chunk-8"},"document_id":"E2E51FB6","chunk_id":"c9v6e3gouwbks","chunk_label":"unnamed-chunk-4"},{"row":102,"row_count":1,"visible":true,"expansion_state":0,"options":{"engine":"r","label":"unnamed-chunk-9"},"document_id":"E2E51FB6","chunk_id":"cu8towxjsncv6","chunk_label":"unnamed-chunk-5"},{"row":119,"row_count":1,"visible":true,"expansion_state":0,"options":{"engine":"r","label":"unnamed-chunk-10"},"document_id":"E2E51FB6","chunk_id":"cksc71uvxg629","chunk_label":"unnamed-chunk-6"},{"row":141,"row_count":1,"visible":true,"expansion_state":0,"options":{"engine":"r","label":"unnamed-chunk-11"},"document_id":"E2E51FB6","chunk_id":"c5rkxoj71pjm3","chunk_label":"unnamed-chunk-7"},{"row":166,"row_count":1,"visible":true,"expansion_state":0,"options":{"engine":"r","label":"unnamed-chunk-27"},"document_id":"E2E51FB6","chunk_id":"cozw23a06sd9e","chunk_label":"unnamed-chunk-8"},{"row":196,"row_count":1,"visible":true,"expansion_state":0,"options":{"engine":"r","label":"unnamed-chunk-14"},"document_id":"E2E51FB6","chunk_id":"c850rca0294ki","chunk_label":"unnamed-chunk-9"}],"doc_write_time":1607223625,"chunk_rendered_width":700}