{"chunk_definitions":[{"row":17,"row_count":1,"visible":true,"expansion_state":0,"options":{"engine":"r","label":"unnamed-chunk-15"},"document_id":"E2E51FB6","chunk_id":"cu8505wqx4m8i","chunk_label":"unnamed-chunk-1"},{"row":45,"row_count":1,"visible":true,"expansion_state":0,"options":{"engine":"r","label":"unnamed-chunk-17"},"document_id":"E2E51FB6","chunk_id":"cccjxa4urj0b8","chunk_label":"unnamed-chunk-2"},{"row":68,"row_count":1,"visible":true,"expansion_state":0,"options":{"engine":"r","label":"unnamed-chunk-9"},"document_id":"E2E51FB6","chunk_id":"cahpyeob1s9nv","chunk_label":"unnamed-chunk-3"},{"row":85,"row_count":1,"visible":true,"expansion_state":0,"options":{"engine":"r","label":"unnamed-chunk-49"},"document_id":"E2E51FB6","chunk_id":"c9v6e3gouwbks","chunk_label":"unnamed-chunk-4"},{"row":102,"row_count":1,"visible":true,"expansion_state":0,"options":{"engine":"r","label":"unnamed-chunk-31"},"document_id":"E2E51FB6","chunk_id":"cu8towxjsncv6","chunk_label":"unnamed-chunk-5"},{"row":119,"row_count":1,"visible":true,"expansion_state":0,"options":{"engine":"r","label":"unnamed-chunk-24"},"document_id":"E2E51FB6","chunk_id":"cksc71uvxg629","chunk_label":"unnamed-chunk-6"},{"row":141,"row_count":1,"visible":true,"expansion_state":0,"options":{"engine":"r","label":"unnamed-chunk-27"},"document_id":"E2E51FB6","chunk_id":"c5rkxoj71pjm3","chunk_label":"unnamed-chunk-7"},{"row":164,"row_count":1,"visible":true,"expansion_state":0,"options":{"engine":"r","label":"unnamed-chunk-17"},"document_id":"E2E51FB6","chunk_id":"chsjurztfiqvd","chunk_label":"unnamed-chunk-8"},{"row":194,"row_count":1,"visible":true,"expansion_state":0,"options":{"engine":"r","label":"unnamed-chunk-18"},"document_id":"E2E51FB6","chunk_id":"c9wbp3ldc0hgr","chunk_label":"unnamed-chunk-9"},{"row":249,"row_count":1,"visible":true,"expansion_state":0,"options":{"engine":"r","label":"unnamed-chunk-1"},"document_id":"E2E51FB6","chunk_id":"ccsua7iiyih10","chunk_label":"unnamed-chunk-10"}],"doc_write_time":1607183010}